Наименование программы,Источник,[План 2026] Тип работы,[План 2026] Компания,[План 2026] Направление,[План 2026] Часов,[План 2026] Вид обучения,[План 2026] Заказчик,[План 2026] Контактное лицо,[План 2026] Примечание,[План 2026] Статус,[План 2026] Автор курса,[План 2026] Даты,[План 2026] ID курса,[Каталог] ID,[Каталог] Описание,[Каталог] Цена,[Каталог] Бейдж,[Каталог] Часы,[Каталог] Тип обучения,[Каталог] ФРДО/РОЛ,[Каталог] ProgramId,[Каталог] Код ЕИСОТ,[Каталог] Программа ЕИС,[Каталог] Часы ЕИС,[Каталог] Ссылка/год
Адаптивные тесты для РТН,План разработки 2026,актуализация,,ПБ,,,Профтехстандарт,Борисова Надежда,тесты в РТН актуализировались последний раз год назад (по ТЭУ актуализировались 6 месяцев назад),,,март,,,,,,,,,,,,,
Аппаратчик химводоочистки,Каталог курсов (СДО),,,,,,,,,,,,,11207,Целями прNULL 640,NULL,144,Профессиональное,обучение ФРДО,NULL NULL,NULL,NULL,https://portal.smarta.life/~daq1S,,
"Б.1.2, Б.1.7, Б.1.9, Б.1.10, Б.1.12, Б 1.19, Б 7.8, Б 8.1",План разработки 2026,разработка,,ПБ,,,Ефремова Юлия,,,запрос на разработку,,,,,,,,,,,,,,,
"Безопасная эксплуатация складского оборудования (стеллажи, стеллажи полочные, складские мезонины). ГОСТ",Каталог курсов (СДО),,,,,,,,,,,,,11136,NULL NULL 410,NULL,72,Повышение,квалификации ФРДО,NULL NULL,NULL,NULL,https://portal.smarta.life/~4ERT2,,
"Безопасное ведение газоопасных, огневых и ремонтных работ (область аттестации Б.1.11)",Каталог курсов (СДО),,,,,,,,,,,,,9877,NULL NULL 290,NULL,72,Подготовка,к тестированию в РТН ФРДО,NULL NULL,NULL,NULL,https://portal.smarta.life/~IAW52,,
Безопасное обращение с пестицидами и агрохимикатами,Каталог курсов (СДО),,,,,,,,,,,,,11090,Курс пред NULL 370,NULL,40,Повышение,квалификации Нет,NULL NULL,NULL,NULL,https://portal.smarta.life/~LSU8R,,
Безопасное обращение с химическими веществами и материалами,Каталог курсов (СДО),,,,,,,,,,,,,11110,Курс пред NULL 370,NULL,16,Повышение,квалификации Нет,NULL NULL,NULL,NULL,https://portal.smarta.life/~pzzRI,,
Безопасное производство работ по отбору проб газовоздушной среды,Каталог курсов (СДО),,,,,,,,,,,,,9379,NULL NULL 370,NULL,-,Охрана,труда/Курсы по новому п Нет,NULL NULL,NULL,NULL,,,0
Безопасные методы и приемы выполнения работ для электромонтажника по силовым сетям,Каталог курсов (СДО),,,,,,,,,,,,,9374,NULL NULL 370,NULL,16,Охрана,труда/Курсы по новому п Нет,NULL NULL,NULL,NULL,https://portal.smarta.life/~NCL0F,,
Безопасные методы и приемы выполнения работ для электромонтера охранно-пожарной сигнализации,Каталог курсов (СДО),,,,,,,,,,,,,9355,NULL NULL 370,NULL,16,Охрана,труда/Курсы по новому п Нет,NULL NULL,NULL,NULL,https://portal.smarta.life/~d5ake,,
Безопасные методы и приемы выполнения работ изолировщика на термоизоляции,Каталог курсов (СДО),,,,,,,,,,,,,9348,NULL NULL 370,NULL,16,Охрана,труда/Курсы по новому п Нет,NULL NULL,NULL,NULL,https://portal.smarta.life/~d5ake,,
Безопасные методы и приемы выполнения работ на участках с патогенным заражением почвы,Каталог курсов (СДО),,,,,,,,,,,,,9595,NULL БМиПР на 370,Передача,16,Охрана,труда/Курсы по новому п РОЛ,24 ИД46В,19 Безопасны,,16 https://portal.smarta.life/~5plwF,,
"Безопасные методы и приемы выполнения работ, связанные с эксплуатацией сосудов, работающих под избыточNULL",Каталог курсов (СДО),,,,,,,,,,,,,7731,"БМиПВР, с 370",Передача,16,Охрана,труда/Курсы по новому п РОЛ,19 ИД46В,14 Безопасны,,16 https://portal.smarta.life/~n7WBf,,
"Безопасные методы и приемы выполнения работ, связанные с эксплуатацией тепловых энергоустановок",Каталог курсов (СДО),,,,,,,,,,,,,8111,"NULL БМиПВР, с 410",Передача,16,Охрана,труда/Курсы по новому п РОЛ,17 ИД46В,12 Безопасны,,16 https://portal.smarta.life/~REMfD,,
Безопасные методы и приемы работ по перемещению тяжеловесных и крупногабаритных грузов при отсутствии,Каталог курсов (СДО),,,,,,,,,,,,,9112,NULL БМиПР по 370,Передача,16,Охрана,труда/Курсы по новому п РОЛ,26 ИД46В,21 Безопасны,,16 https://portal.smarta.life/~a97aF,,
Безопасные методы и приемы работ с радиоактивными веществами и источниками ионизирующих излучений,Каталог курсов (СДО),,,,,,,,,,,,,9110,NULL БМиПР с р 370,Передача,16,Охрана,труда/Курсы по новому п РОЛ,27 ИД46В,22 Безопасны,,16 https://portal.smarta.life/~OLMEw,,
"Безопасные методы и приёмы выполнения работ при эксплуатации сосудов, работающих под избыточным давл",Каталог курсов (СДО),,,,,,,,,,,,,9719,NULL Сосуды по 370,Передача,16,Охрана,труда/Курсы по новому п РОЛ,19 ИД46В,14 Безопасны,,16 https://portal.smarta.life/~5V5Xo,,
Вводный инструктаж по гражданской обороне,Каталог курсов (СДО),,,,,,,,,,,,,10032,NULL NULL 230,NULL,-,Инструктажи,Нет,NULL NULL,NULL,NULL,,,0
Вводный инструктаж по охране труда,Каталог курсов (СДО),,,,,,,,,,,,,8206,NULL NULL 170,NULL,-,Инструктажи,Нет,NULL NULL,NULL,NULL,,,0
Вводный инструктаж по пожарной безопасности,Каталог курсов (СДО),,,,,,,,,,,,,9600,NULL NULL 230,NULL,-,Инструктажи,Нет,NULL NULL,NULL,NULL,,,0
Гражданская оборона и защита от чрезвычайных ситуаций,Каталог курсов (СДО),,,,,,,,,,,,,2936,Курс пред NULL 160,NULL,16,Повышение,квалификации ФРДО,NULL NULL,NULL,NULL,https://portal.smarta.life/~4bcTm,,
Дезинфектор,Каталог курсов (СДО),,,,,,,,,,,,,11266,Целями прNULL 640,NULL,144,Профессиональное,обучение ФРДО,NULL NULL,NULL,NULL,https://portal.smarta.life/~vFO5N,,
"Деятельность по монтажу, техническому обслуживанию и ремонту средств обеспечения пожарной безопасностиПовышениNULL",Каталог курсов (СДО),,,,,,,,,,,,,11182,640,,178,Повышение,квалификации нет,NULL NULL,NULL,NULL,,,0
"Дополнительная профессиональная программа повышения квалификации ""Антитеррористическая защищеннос",Каталог курсов (СДО),,,,,,,,,,,,,9859,NULL Антитерро 810,Новинка,24,Повышение,квалификации ФРДО,NULL NULL,NULL,NULL,https://portal.smarta.life/~1hPws,,
"Инструктаж ""Электробезопасность 1-я группа""",Каталог курсов (СДО),,,,,,,,,,,,,11197,NULL NULL 230,NULL,-,Инструктажи,Нет,NULL NULL,NULL,NULL,,,0
"Интенсив по изучению безопасных методов и приемов выполнения работ при воздействии ВОПФ, ИО, идентифиNULL",Каталог курсов (СДО),,,,,,,,,,,,,8468,NULL 410,Передача,16,Охрана,труда/Курсы по новому п РОЛ,"1, 2, 4 ИД34,",ИД3 Оказание,"16,","16, 16",,0
Интенсив по изучению общих вопросов охраны труда и функционирования СУОТ,Каталог курсов (СДО),,,,,,,,,,,,,8707,NULL NULL 410,Передача,16,Охрана,труда/Курсы по новому п РОЛ,"1, 3 ИД34,",ИД4 Оказание,"16,",16,,0
Контролер технического состояния транспортных средств автомобильного транспорта,Оба файла,актуализация,,БДД,,,"УЦ ""Фелица""",Караченцева М.,,в разработке,,март; май,3995,3995,NULL NULL 3470,NULL,256,Профессиональная,переподготов ФРДО,NULL NULL,NULL,NULL,https://portal.smarta.life/~mj1Ow,,
"Курс подготовки к проверке знаний в ЕИСОТ по программе ""Безопасные методы и приемы выполнения газоопа",Каталог курсов (СДО),,,,,,,,,,,,,8168,NULL NULL 580,NULL,-,Подготовка,к проверке знаний в ЕНет,NULL NULL,NULL,NULL,,,0
"Курс подготовки к проверке знаний в ЕИСОТ по программе ""Безопасные методы и приемы выполнения земляныNULL",Каталог курсов (СДО),,,,,,,,,,,,,8159,NULL 580,NULL,-,Подготовка,к проверке знаний в ЕНет,NULL NULL,NULL,NULL,,,0
"Курс подготовки к проверке знаний в ЕИСОТ по программе ""Безопасные методы и приемы выполнения огневых",Каталог курсов (СДО),,,,,,,,,,,,,8169,NULL NULL 580,NULL,-,Подготовка,к проверке знаний в ЕНет,NULL NULL,NULL,NULL,,,0
"Курс подготовки к проверке знаний в ЕИСОТ по программе ""Безопасные методы и приемы выполнения пожаро",Каталог курсов (СДО),,,,,,,,,,,,,8163,NULL NULL 580,NULL,-,Подготовка,к проверке знаний в ЕНет,NULL NULL,NULL,NULL,,,0
"Курс подготовки к проверке знаний в ЕИСОТ по программе ""Безопасные методы и приемы выполнения работ",Каталог курсов (СДО),,,,,,,,,,,,,8158,п NULL NULL 580,NULL,-,Подготовка,к проверке знаний в ЕНет,NULL NULL,NULL,NULL,,,0
"Курс подготовки к проверке знаний в ЕИСОТ по программе ""Безопасные методы и приемы выполнения работ",Каталог курсов (СДО),,,,,,,,,,,,,8161,п NULL NULL 580,NULL,-,Подготовка,к проверке знаний в ЕНет,NULL NULL,NULL,NULL,,,0
"Курс подготовки к проверке знаний в ЕИСОТ по программе ""Безопасные методы и приемы выполнения работ",Каталог курсов (СДО),,,,,,,,,,,,,8162,наNULL NULL 580,NULL,-,Подготовка,к проверке знаний в ЕНет,NULL NULL,NULL,NULL,,,0
"Курс подготовки к проверке знаний в ЕИСОТ по программе ""Безопасные методы и приемы выполнения работ",Каталог курсов (СДО),,,,,,,,,,,,,8164,в NULL NULL 580,NULL,-,Подготовка,к проверке знаний в ЕНет,NULL NULL,NULL,NULL,,,0
"Курс подготовки к проверке знаний в ЕИСОТ по программе ""Безопасные методы и приемы выполнения работ",Каталог курсов (СДО),,,,,,,,,,,,,8172,в NULL NULL 580,NULL,-,Подготовка,к проверке знаний в ЕНет,NULL NULL,NULL,NULL,,,0
"Курс подготовки к проверке знаний в ЕИСОТ по программе ""Безопасные методы и приемы выполнения работ,",Каталог курсов (СДО),,,,,,,,,,,,,8166,с NULL NULL 580,NULL,-,Подготовка,к проверке знаний в ЕНет,NULL NULL,NULL,NULL,,,0
"Курс подготовки к проверке знаний в ЕИСОТ по программе ""Безопасные методы и приемы выполнения работ,",Каталог курсов (СДО),,,,,,,,,,,,,8170,с NULL NULL 580,NULL,-,Подготовка,к проверке знаний в ЕНет,NULL NULL,NULL,NULL,,,0
"Курс подготовки к проверке знаний в ЕИСОТ по программе ""Безопасные методы и приемы выполнения работ,",Каталог курсов (СДО),,,,,,,,,,,,,8171,с NULL NULL 580,NULL,-,Подготовка,к проверке знаний в ЕНет,NULL NULL,NULL,NULL,,,0
"Курс подготовки к проверке знаний в ЕИСОТ по программе ""Безопасные методы и приемы выполнения работ,",Каталог курсов (СДО),,,,,,,,,,,,,8173,с NULL NULL 580,NULL,-,Подготовка,к проверке знаний в ЕНет,NULL NULL,NULL,NULL,,,0
"Курс подготовки к проверке знаний в ЕИСОТ по программе ""Безопасные методы и приемы выполнения ремонтнNULL",Каталог курсов (СДО),,,,,,,,,,,,,8160,NULL 580,NULL,-,Подготовка,к проверке знаний в ЕНет,NULL NULL,NULL,NULL,,,0
"Курс подготовки к проверке знаний в ЕИСОТ по программе ""Безопасные методы и приемы выполнения строителNULL",Каталог курсов (СДО),,,,,,,,,,,,,8165,NULL 580,NULL,-,Подготовка,к проверке знаний в ЕНет,NULL NULL,NULL,NULL,,,0
"Курс подготовки к проверке знаний в ЕИСОТ по программе ""Безопасные методы и приемы обращения с животн",Каталог курсов (СДО),,,,,,,,,,,,,8174,NULL NULL 580,NULL,-,Подготовка,к проверке знаний в ЕНет,NULL NULL,NULL,NULL,,,0
"Курс подготовки к проверке знаний в ЕИСОТ по программе ""Безопасные методы и приемы при выполнении вод",Каталог курсов (СДО),,,,,,,,,,,,,8175,NULL NULL 580,NULL,-,Подготовка,к проверке знаний в ЕНет,NULL NULL,NULL,NULL,,,0
"Курс подготовки к проверке знаний в ЕИСОТ по программе ""Безопасные методы и приемы работ в непосредств",Каталог курсов (СДО),,,,,,,,,,,,,8177,NULL NULL 580,NULL,-,Подготовка,к проверке знаний в ЕНет,NULL NULL,NULL,NULL,,,0
"Курс подготовки к проверке знаний в ЕИСОТ по программе ""Безопасные методы и приемы работ в театрах""",Каталог курсов (СДО),,,,,,,,,,,,,8183,NULL NULL 580,NULL,-,Подготовка,к проверке знаний в ЕНет,NULL NULL,NULL,NULL,,,0
"Курс подготовки к проверке знаний в ЕИСОТ по программе ""Безопасные методы и приемы работ по валке леса",Каталог курсов (СДО),,,,,,,,,,,,,8179,NULL NULL 580,NULL,-,Подготовка,к проверке знаний в ЕНет,NULL NULL,NULL,NULL,,,0
"Курс подготовки к проверке знаний в ЕИСОТ по программе ""Безопасные методы и приемы работ по перемещен",Каталог курсов (СДО),,,,,,,,,,,,,8180,NULL NULL 580,NULL,-,Подготовка,к проверке знаний в ЕНет,NULL NULL,NULL,NULL,,,0
"Курс подготовки к проверке знаний в ЕИСОТ по программе ""Безопасные методы и приемы работ по поиску, иде",Каталог курсов (СДО),,,,,,,,,,,,,8176,NULL NULL 580,NULL,-,Подготовка,к проверке знаний в ЕНет,NULL NULL,NULL,NULL,,,0
"Курс подготовки к проверке знаний в ЕИСОТ по программе ""Безопасные методы и приемы работ с радиоактивн",Каталог курсов (СДО),,,,,,,,,,,,,8181,NULL NULL 580,NULL,-,Подготовка,к проверке знаний в ЕНет,NULL NULL,NULL,NULL,,,0
"Курс подготовки к проверке знаний в ЕИСОТ по программе ""Безопасные методы и приемы работ с ручным инстрNULL",Каталог курсов (СДО),,,,,,,,,,,,,8182,NULL 580,NULL,-,Подготовка,к проверке знаний в ЕНет,NULL NULL,NULL,NULL,,,0
"Курс подготовки к проверке знаний в ЕИСОТ по программе ""Безопасные методы и приемы работ, на участках с",Каталог курсов (СДО),,,,,,,,,,,,,8178,п NULL NULL 580,NULL,-,Подготовка,к проверке знаний в ЕНет,NULL NULL,NULL,NULL,,,0
"Курс подготовки к проверке знаний в ЕИСОТ по программе ""Использование (применение) средств индивидуаль",Каталог курсов (СДО),,,,,,,,,,,,,8156,NULL NULL 580,NULL,-,Подготовка,к проверке знаний в ЕНет,NULL NULL,NULL,NULL,,,0
"Курс подготовки к проверке знаний в ЕИСОТ по программе ""Общие вопросы охраны труда и функционирования",Каталог курсов (СДО),,,,,,,,,,,,,8157,NULL NULL 580,NULL,-,Подготовка,к проверке знаний в ЕНет,NULL NULL,NULL,NULL,,,0
"Курс подготовки к проверке знаний в ЕИСОТ по программе ""Оказание первой помощи пострадавшим""",Каталог курсов (СДО),,,,,,,,,,,,,8155,NULL NULL 580,NULL,-,Подготовка,к проверке знаний в ЕНет,NULL NULL,NULL,NULL,,,0
курсы 46 Б и В,План разработки 2026,актуализация,,ОТ,,,в связи с изменениями срока действия Правил по,охране труда,,в разработке,Караченцева М.,март,,,,,,,,,,,,,
Машинист автовышки и автогидроподъемника,Оба файла,разработка,,ПП,144,проф. переподготовка,Агроторг,Золотухина Елена,,разработан,Винник Е.,февраль,11438,11438,Целью обуМашинист 640,NULL,72,Профессиональное,обучение ФРДО,NULL NULL,NULL,NULL,https://portal.smarta.life/~cAHra,,
"Машинист буровой установки ООО ""ВОСТОК НЕДРА""",План разработки 2026,разработка,,,,,,,,запрос на разработку,,,,,,,,,,,,,,,
Машинист подъёмника с рабочей платформы Плоцкая Валерия,План разработки 2026,разработка,,,,,,,,запрос на разработку,,,,,,,,,,,,,,,
Машинист строительного подъемника,Оба файла,разработка,,ПП,144,проф. переподготовка,Агроторг,Золотухина Елена,,разработан,Винник Е.,февраль,11696,11696,Целью обуМашинист 640,NULL,72,Профессиональное,обучение ФРДО,NULL NULL,NULL,NULL,https://portal.smarta.life/~W6YE2,,
Меры пожарной безопасности для работников добровольных пожарных дружин,Каталог курсов (СДО),,,,,,,,,,,,,11206,Целью обуNULL 290,NULL,72,Повышение,квалификации нет,NULL NULL,NULL,NULL,https://portal.smarta.life/~CDVwT,,
"Монтаж, наладка, обслуживание, ремонт, реконструкция или модернизация подъемных сооружений, применяеNULL",Каталог курсов (СДО),,,,,,,,,,,,,10831,"Монтаж, н 290",NULL,16,Подготовка,к тестированию в РТН ФРДО,NULL NULL,NULL,NULL,https://portal.smarta.life/~sKu0x,,
Наладчик станков и манипуляторов с числовым программным управлением,Оба файла,разработка,,ПП,144,проф. переподготовка,Саблина Наталья,Винник Е.,,разработан,,март,11756,11756,Целью обуНаладчик 640,NULL,144,Профессиональное,обучение ФРДО,NULL NULL,NULL,NULL,https://portal.smarta.life/~5XdLv,,
"не более 4 кВт""",Каталог курсов (СДО),,,,,,,,,,,,,3082,Учебный к NULL 640,NULL,72,Профессиональное,обучение нет,NULL NULL,NULL,NULL,https://portal.smarta.life/~A7beH,,
Нормы и правила работы в электроустановках,Каталог курсов (СДО),,,,,,,,,,,,,11214,Целью обуNULL 370,NULL,72,Программа,обучения работников нет,NULL NULL,NULL,NULL,https://portal.smarta.life/~1H75k,,
Обеспечение мобилизационной подготовки и воинский учет 72 повышение квалификации АНО ДПО УМЦ «Здоровый труд» Борисова Надежда,План разработки 2026,разработка,,,,,,,,запрос на разработку,,март,,,,,,,,,,,,,
"Обеспечение пожарной безопасности для лиц, ответственных за проведение противопожарного инструктажа",Каталог курсов (СДО),,,,,,,,,,,,,5670,в Программ Пожарная 290,NULL,16,Повышение,квалификации ФРДО,NULL NULL,NULL,NULL,https://portal.smarta.life/~odjT3,,
"Обеспечение пожарной безопасности для лиц, ответственных за проведение противопожарного инструктажа",Каталог курсов (СДО),,,,,,,,,,,,,5671,в Программ Пожарная 290,NULL,16,Повышение,квалификации ФРДО,NULL NULL,NULL,NULL,https://portal.smarta.life/~qfSMI,,
"Обеспечение пожарной безопасности для лиц, ответственных за проведение противопожарного инструктажа",Каталог курсов (СДО),,,,,,,,,,,,,5673,в Программ Пожарная 290,NULL,16,Повышение,квалификации ФРДО,NULL NULL,NULL,NULL,https://portal.smarta.life/~YfuTv,,
"Обеспечение пожарной безопасности для лиц, ответственных за проведение противопожарного инструктажа",Каталог курсов (СДО),,,,,,,,,,,,,5693,в Программ Пожарная 290,NULL,16,Повышение,квалификации ФРДО,NULL NULL,NULL,NULL,https://portal.smarta.life/~y25ke,,
"Обеспечение пожарной безопасности для лиц, ответственных за проведение противопожарного инструктажа",Каталог курсов (СДО),,,,,,,,,,,,,5694,в Программ Пожарная 290,NULL,16,Повышение,квалификации ФРДО,NULL NULL,NULL,NULL,https://portal.smarta.life/~n0gA0,,
"Обеспечение пожарной безопасности для лиц, ответственных за проведение противопожарного инструктажа",Каталог курсов (СДО),,,,,,,,,,,,,8043,Программ Пожарная 290,Хит,прода 16,Повышение,квалификации ФРДО,NULL NULL,NULL,NULL,https://portal.smarta.life/~c0tUs,,
Обеспечение пожарной безопасности для ответственных должностных лиц на автомобильных стоянках организ,Каталог курсов (СДО),,,,,,,,,,,,,5803,Программ Пожарная 290,NULL,16,Повышение,квалификации ФРДО,NULL NULL,NULL,NULL,https://portal.smarta.life/~0r1A8,,
Обеспечение пожарной безопасности для ответственных должностных лиц организации,Каталог курсов (СДО),,,,,,,,,,,,,8042,Программ Пожарная 290,Хит,прода 16,Повышение,квалификации ФРДО,NULL NULL,NULL,NULL,https://portal.smarta.life/~g4Ivg,,
Обеспечение пожарной безопасности для ответственных должностных лиц организации в зданиях сельскохозяй,Каталог курсов (СДО),,,,,,,,,,,,,5804,Программ Пожарная 290,NULL,16,Повышение,квалификации ФРДО,NULL NULL,NULL,NULL,https://portal.smarta.life/~t7Um2,,
Обеспечение пожарной безопасности для ответственных должностных лиц организации в производственных зд,Каталог курсов (СДО),,,,,,,,,,,,,5796,Программ Пожарная 290,NULL,16,Повышение,квалификации ФРДО,NULL NULL,NULL,NULL,https://portal.smarta.life/~aTX2f,,
"Обеспечение пожарной безопасности для ответственных должностных лиц организации в складских зданиях, со",Каталог курсов (СДО),,,,,,,,,,,,,5802,Программ Пожарная 290,NULL,16,Повышение,квалификации ФРДО,NULL NULL,NULL,NULL,https://portal.smarta.life/~SuWku,,
Обеспечение пожарной безопасности для руководителей и ответственных лиц организации,Каталог курсов (СДО),,,,,,,,,,,,,5252,Программ Пожарная 290,NULL,16,Повышение,квалификации ФРДО,NULL NULL,NULL,NULL,https://portal.smarta.life/~sjXvz,,
"Обеспечение пожарной безопасности для руководителей и ответственных лиц, эксплуатирующих и управляющи",Каталог курсов (СДО),,,,,,,,,,,,,5707,Программ Пожарная 290,NULL,16,Повышение,квалификации ФРДО,NULL NULL,NULL,NULL,https://portal.smarta.life/~W85RN,,
"Обеспечение экологической безопасности в области сбора, транспортирования, обработки, утилизации, обезвр",Каталог курсов (СДО),,,,,,,,,,,,,2844,Учебный к NULL 520,NULL,38,Повышение,квалификации ФРДО,NULL NULL,NULL,NULL,https://portal.smarta.life/~5Pjxu,,
Обеспечение экологической безопасности руководителями и специалистами общехозяйственных систем управл,Каталог курсов (СДО),,,,,,,,,,,,,2856,Курс разраОбеспечен 520,NULL,72,Повышение,квалификации ФРДО,NULL NULL,NULL,NULL,https://portal.smarta.life/~uFW7D,,
Обогащение полезных ископаемых (область аттестации Б.4.1),Каталог курсов (СДО),,,,,,,,,,,,,10932,NULL NULL 290,NULL,40,Подготовка,к тестированию в РТН ФРДО,NULL NULL,NULL,NULL,https://portal.smarta.life/~kNC5D,,
Оборудование и технология сварочного производства 72 повышение квалификации АНО ДПО УМЦ «Здоровый труд» Борисова Надежда,Оба файла,разработка,,,,,,,,запрос на разработку,,март,,11805,В результа NULL 640,NULL,144,Профессиональное,обучение ФРДО,NULL NULL,NULL,NULL,https://portal.smarta.life/doc/KLivrFy1dLIUTNdgF8oh,,
Образовательные программы по новому Порядку,Каталог курсов (СДО),,,,,,,,,,,,,7143,NULL NULL,0 NULL,-,,нет,NULL NULL,NULL,NULL,,,#Н/Д
Обучение безопасным методам и приемам выполнения газоопасных работ,Каталог курсов (СДО),,,,,,,,,,,,,7330,NULL БМиПВ газ 370,Передача,16,Охрана,труда/Курсы по новому п РОЛ,14 ИД46В,9 Безопасны,,16 https://portal.smarta.life/~1R9Vh,,
Обучение безопасным методам и приемам выполнения земляных работ,Каталог курсов (СДО),,,,,,,,,,,,,7509,NULL БМиПВ зе 370,Передача,16,Охрана,труда/Курсы по новому п РОЛ,6 ИД46В,1 Безопасны,,16 https://portal.smarta.life/~ltUro,,
Обучение безопасным методам и приемам выполнения огневых работ,Каталог курсов (СДО),,,,,,,,,,,,,7331,NULL БМиПВ ог 370,Передача,16,Охрана,труда/Курсы по новому п РОЛ,15 ИД46В,10 Безопасны,,16 https://portal.smarta.life/~Q2xTo,,
Обучение безопасным методам и приемам выполнения погрузочно-разгрузочных работ и размещении грузов,Каталог курсов (СДО),,,,,,,,,,,,,7486,NULL БВ погрузо 370,Передача,16,Охрана,труда/Курсы по новому п РОЛ,16 ИД46В,11 Безопасны,,16 https://portal.smarta.life/~jU815,,
Обучение безопасным методам и приемам выполнения пожароопасных работ,Каталог курсов (СДО),,,,,,,,,,,,,8110,NULL БМиПВ по 370,Передача,16,Охрана,труда/Курсы по новому п РОЛ,10 ИД46В,5 Безопасны,,16 https://portal.smarta.life/~31z6r,,
Обучение безопасным методам и приемам выполнения работ в непосредственной близости от полотна или про,Каталог курсов (СДО),,,,,,,,,,,,,7898,NULL БМиПР в н 410,Передача,16,Охрана,труда/Курсы по новому п РОЛ,23 ИД46В,18 Безопасны,,16 https://portal.smarta.life/~JIClg,,
Обучение безопасным методам и приемам выполнения работ в электроустановках,Каталог курсов (СДО),,,,,,,,,,,,,8112,NULL БМиПВР в 370,Передача,16,Охрана,труда/Курсы по новому п РОЛ,18 ИД46В,13 Безопасны,,16 https://portal.smarta.life/~S2SsX,,
Обучение безопасным методам и приемам выполнения работ вблизи вращающихся механизмов и движущихся,Каталог курсов (СДО),,,,,,,,,,,,,7459,NULL БМиПВР в 370,NULL,16,Охрана,труда/Курсы по новому п Нет,NULL NULL,NULL,NULL,https://portal.smarta.life/~7A6gl,,
Обучение безопасным методам и приемам выполнения работ на высоте,Каталог курсов (СДО),,,,,,,,,,,,,7808,Учебный к NULL 320,Передача,40,Охрана,труда/Курсы по новому п РОЛ,9 ИД46В,4 Безопасны,,40 https://portal.smarta.life/~W72Nl,,
Обучение безопасным методам и приемам выполнения работ по валке леса в особо опасных условиях,Каталог курсов (СДО),,,,,,,,,,,,,9813,NULL БМиПР по 410,Передача,16,Охрана,труда/Курсы по новому п РОЛ,25 ИД46В,20 Безопасны,,16 https://portal.smarta.life/~RbBNq,,
"Обучение безопасным методам и приемам выполнения работ по хлорированию водопроводных сетей, резерву",Каталог курсов (СДО),,,,,,,,,,,,,7730,NULL Безопасно 370,NULL,16,Охрана,труда/Курсы по новому п ФРДО,NULL NULL,NULL,NULL,,,0
Обучение безопасным методам и приемам выполнения работ повышенной опасности в театрах,Каталог курсов (СДО),,,,,,,,,,,,,10005,NULL БМиПР в т 410,Передача,16,Охрана,труда/Курсы по новому п РОЛ,29 ИД46В,24 Безопасны,,16 https://portal.smarta.life/~uV5LI,,
Обучение безопасным методам и приемам выполнения работ при воздействии вредных и (или) опасных произв,Каталог курсов (СДО),,,,,,,,,,,,,6847,NULL БМПВР пр 370,Передача,16,Охрана,труда/Курсы по новому п РОЛ,"1, 2, 4 ИД34,",ИД3 Оказание,"16,","16, 16 https://portal.smarta.life/~Dt09G",,
Обучение безопасным методам и приемам выполнения работ при воздействии вредных и (или) опасных произв,Каталог курсов (СДО),,,,,,,,,,,,,7925,NULL БМПВР пр 370,Передача,16,Охрана,труда/Курсы по новому п РОЛ,"1, 2, 4 ИД34,",ИД3 Оказание,"16,","16, 16",,0
"Обучение безопасным методам и приемам выполнения работ при размещении, монтаже, техническом обслужиNULL",Каталог курсов (СДО),,,,,,,,,,,,,7332,БМиПВР п 370,Передача,16,Охрана,труда/Курсы по новому п РОЛ,8 ИД46В,3 Безопасны,,16 https://portal.smarta.life/~JKJX8,,
Обучение безопасным методам и приемам выполнения работ с поверхности льда и над открытой водной поверNULL,Каталог курсов (СДО),,,,,,,,,,,,,8784,NULL 370,NULL,16,Охрана,труда/Курсы по новому п ФРДО,NULL NULL,NULL,NULL,https://portal.smarta.life/~xGiQ6,,
"Обучение безопасным методам и приемам выполнения работ с ручным инструментом, в том числе с пиротехни",Каталог курсов (СДО),,,,,,,,,,,,,8422,NULL БМиПР с р 370,Передача,16,Охрана,труда/Курсы по новому п РОЛ,28 ИД46В,23 Безопасны,,16 https://portal.smarta.life/~OOE6J,,
Обучение безопасным методам и приемам выполнения работ с трубопроводами пара и горячей воды,Каталог курсов (СДО),,,,,,,,,,,,,7500,NULL БМиПВР с 370,Передача,16,Охрана,труда/Курсы по новому п РОЛ,19 ИД46В,14 Безопасны,,16 https://portal.smarta.life/~E8QvB,,
"Обучение безопасным методам и приемам выполнения работ, связанных с опасностью воздействия сильнодейс",Каталог курсов (СДО),,,,,,,,,,,,,7638,"NULL БМиПВР, с 370",Передача,16,Охрана,труда/Курсы по новому п РОЛ,13 ИД46В,8 Безопасны,,16 https://portal.smarta.life/~iTrwN,,
"Обучение безопасным методам и приемам выполнения работ, связанных с эксплуатацией подъемных сооруженNULL",Каталог курсов (СДО),,,,,,,,,,,,,8794,"БМиПВР, с 370",Передача,16,Охрана,труда/Курсы по новому п РОЛ,16 ИД46В,11 Безопасны,,16 https://portal.smarta.life/~pACv0,,
"Обучение безопасным методам и приемам выполнения ремонтных, монтажных и демонтажных работ зданий",Каталог курсов (СДО),,,,,,,,,,,,,8295,и NULL БМиПВ ре 370,Передача,16,Охрана,труда/Курсы по новому п РОЛ,7 ИД46В,2 Безопасны,,16 https://portal.smarta.life/~rfPC5,,
"Обучение безопасным методам и приемам выполнения строительных работ, в том числе: окрасочных работ, элеNULL",Каталог курсов (СДО),,,,,,,,,,,,,8144,БМиПВ стр 370,Передача,16,Охрана,труда/Курсы по новому п РОЛ,12 ИД46В,7 Безопасны,,16 https://portal.smarta.life/~Geair,,
Обучение безопасным методам и приемам выполнения электросварочных и газосварочных работ,Каталог курсов (СДО),,,,,,,,,,,,,7727,NULL БМиПВ эл 370,Передача,16,Охрана,труда/Курсы по новому п РОЛ,12 ИД46В,7 Безопасны,,16 https://portal.smarta.life/~r66AM,,
Обучение безопасным методам и приемам при выполнении водолазных работ,Каталог курсов (СДО),,,,,,,,,,,,,8125,NULL БМиП при 410,Передача,16,Охрана,труда/Курсы по новому п РОЛ,21 ИД46В,16 Безопасны,,16 https://portal.smarta.life/~YqnkK,,
"Обучение безопасным методам и приемам работ по поиску, идентификации, обезвреживанию и уничтожению",Каталог курсов (СДО),,,,,,,,,,,,,8310,NULL БМиПР по 410,Передача,16,Охрана,труда/Курсы по новому п РОЛ,22 ИД46В,17 Безопасны,,16 https://portal.smarta.life/~NksPp,,
Обучение безопасным методам и приёмам выполнения работ при воздействии вредных и (или) опасных произв,Каталог курсов (СДО),,,,,,,,,,,,,10603,NULL Обучение 410,NULL,16,Охрана,труда/Курсы по новому п Нет,NULL NULL,NULL,NULL,https://portal.smarta.life/~QcCqO,,
Обучение безопасным методам и приёмам обращения с животными,Каталог курсов (СДО),,,,,,,,,,,,,8133,NULL БМиП обр 410,Передача,16,Охрана,труда/Курсы по новому п РОЛ,20 ИД46В,15 Безопасны,,16 https://portal.smarta.life/~dsaXc,,
"Обучение для работников, выполняющих работы на высоте с применением средств подмащивания",Каталог курсов (СДО),,,,,,,,,,,,,2945,Учебный к Работы на 350,NULL,40,Охрана,труда/Курсы по новому п Нет,NULL NULL,NULL,NULL,https://portal.smarta.life/~qOrGb,,
"Обучение должностных лиц гражданской обороны, входящих в составы эвакуационных комиссий организации",Каталог курсов (СДО),,,,,,,,,,,,,4808,NULL NULL 290,NULL,36,Повышение,квалификации ФРДО,NULL NULL,NULL,NULL,https://portal.smarta.life/~CaGI0,,
"Обучение лиц, ответственных за безопасную эксплуатацию стеллажного оборудования",Каталог курсов (СДО),,,,,,,,,,,,,3756,Учебный к Безопасна 430,NULL,16,Повышение,квалификации ФРДО,NULL NULL,NULL,NULL,https://portal.smarta.life/~wByB3,,
Обучение персонала II группы по электробезопасности,Каталог курсов (СДО),,,,,,,,,,,,,1955,Курс разраNULL 370,NULL,40,Повышение,квалификации Нет,NULL NULL,NULL,NULL,https://portal.smarta.life/~Cu2VN,,
Обучение персонала III группы по электробезопасности,Каталог курсов (СДО),,,,,,,,,,,,,2995,Курс разраNULL 370,NULL,40,Повышение,квалификации Нет,NULL NULL,NULL,NULL,https://portal.smarta.life/~BRFcW,,
Обучение персонала IV группы по электробезопасности,Каталог курсов (СДО),,,,,,,,,,,,,3007,Курс разраNULL 370,NULL,40,Повышение,квалификации Нет,NULL NULL,NULL,NULL,https://portal.smarta.life/~9lYDI,,
Обучение персонала V группы по электробезопасности,Каталог курсов (СДО),,,,,,,,,,,,,3020,Курс разраNULL 370,NULL,40,Повышение,квалификации Нет,NULL NULL,NULL,NULL,https://portal.smarta.life/~FzJZ1,,
Обучение по вопросам оказания первой помощи пострадавшим,Каталог курсов (СДО),,,,,,,,,,,,,6042,NULL Обучение 210,Передача,16,Охрана,труда/Курсы по новому п РОЛ,1 ИД34,Оказание,,16 https://portal.smarta.life/~RSaKo,,
Обучение по использованию (применению) СИЗ,Каталог курсов (СДО),,,,,,,,,,,,,7940,NULL Обучение 370,Передача,16,Охрана,труда/Курсы по новому п РОЛ,2 ИД39,Использов,,16 https://portal.smarta.life/~5juzm,,
Обучение по использованию (применению) средств индивидуальной защиты (ЧАК),Каталог курсов (СДО),,,,,,,,,,,,,6880,NULL Обучение 370,Передача,16,Охрана,труда/Курсы по новому п РОЛ,2 ИД39,Использов,,16,,0
Обучение по общим вопросам охраны труда и функционирования системы управления охраной труда,Каталог курсов (СДО),,,,,,,,,,,,,6849,NULL Обучение 410,Передача,16,Охрана,труда/Курсы по новому п РОЛ,"1, 3 ИД34,",ИД4 Оказание,"8,",16 https://portal.smarta.life/~zHfhU,,
"Обучение по специальной оценке условий труда для лиц, претендующих на получение сертификата эксперта",Каталог курсов (СДО),,,,,,,,,,,,,4160,NULL NULL 1390,NULL,72,Повышение,квалификации ФРДО,NULL NULL,NULL,NULL,https://portal.smarta.life/~h401I,,
Обучение работников 1-й группы безопасным методам и приемам выполнения работ в ограниченных и замкнут,Каталог курсов (СДО),,,,,,,,,,,,,3188,Учебный к Работа в о 230,Передача,24,Охрана,труда/Курсы по новому п РОЛ,"1, 2, 11 ИД34,",ИД3 Оказание,"16,","16, 24 https://portal.smarta.life/~TfReS",,
Обучение работников 1-й группы по безопасности работ на высоте,Каталог курсов (СДО),,,,,,,,,,,,,1214,Учебный Работы на 320,Передача,40,Охрана,труда/Курсы по новому п РОЛ,"1, 2, 9 ИД34,",ИД3 Оказание,"16,","16, 40 https://portal.smarta.life/~SZGNb",,
Обучение работников 2-й группы безопасным методам и приемам выполнения работ в ограниченных и замкнут,Каталог курсов (СДО),,,,,,,,,,,,,3181,Учебный к Работа в о 320,Передача,24,Охрана,труда/Курсы по новому п РОЛ,"1, 2, 11 ИД34,",ИД3 Оказание,"16,","16, 24 https://portal.smarta.life/~6tyS6",,
Обучение работников 2-й группы по безопасности работ на высоте,Каталог курсов (СДО),,,,,,,,,,,,,1219,Учебный к Работы на 320,Передача,40,Охрана,труда/Курсы по новому п РОЛ,"1, 2, 9 ИД34,",ИД3 Оказание,"16,","16, 40 https://portal.smarta.life/~E2B5L",,
Обучение работников 3-й группы безопасным методам и приемам выполнения работ в ограниченных и замкнут,Каталог курсов (СДО),,,,,,,,,,,,,3046,Учебный к Работа в о 320,Передача,24,Охрана,труда/Курсы по новому п РОЛ,"1, 2, 11 ИД34,",ИД3 Оказание,"16,","16, 24 https://portal.smarta.life/~VIRk5",,
Обучение работников 3-й группы по безопасности работ на высоте,Каталог курсов (СДО),,,,,,,,,,,,,1224,Учебный к Работы на 320,Передача,40,Охрана,труда/Курсы по новому п РОЛ,"1, 2, 9 ИД34,",ИД3 Оказание,"16,","16, 40 https://portal.smarta.life/~kCsV3",,
"Обучение работников структурных подразделений, уполномоченных на решение задач в области гражданской",Каталог курсов (СДО),,,,,,,,,,,,,4806,оNULL NULL 410,NULL,72,Повышение,квалификации ФРДО,NULL NULL,NULL,NULL,https://portal.smarta.life/~6Tr7o,,
Обучение членов комиссий по проведению специальной оценки условий труда,Каталог курсов (СДО),,,,,,,,,,,,,4188,NULL NULL 870,NULL,24,Повышение,квалификации ФРДО,NULL NULL,NULL,NULL,https://portal.smarta.life/~dukKy,,
Обучение электротехнического персонала по электробезопасности,Каталог курсов (СДО),,,,,,,,,,,,,3033,NULL NULL 340,NULL,72,Повышение,квалификации ФРДО,NULL NULL,NULL,NULL,https://portal.smarta.life/~IjJC4,,
Общие требования промышленной безопасности (А.1),Каталог курсов (СДО),,,,,,,,,,,,,4189,NULL NULL 290,NULL,72,Повышение,квалификации ФРДО,NULL NULL,NULL,NULL,https://portal.smarta.life/~mgfpD,,
Оператор по диспетчерскому обслуживанию лифтов,Каталог курсов (СДО),,,,,,,,,,,,,8094,NULL NULL 640,NULL,40,Профессиональное,обучение ФРДО,NULL NULL,NULL,NULL,,,0
Оператор станков с числовым программным управлением,Оба файла,разработка,,ПП,144,проф. переподготовка,Саблина Наталья,Винник Е.,,разработан,,март,11754,11754,Целью обуОператор 640,NULL,144,Профессиональное,обучение ФРДО,NULL NULL,NULL,NULL,https://portal.smarta.life/~wajaH,,
Организация перевозок автомобильным транспортом,Каталог курсов (СДО),,,,,,,,,,,,,3907,NULL NULL 3420,NULL,256,Профессиональная,переподготов ФРДО,NULL NULL,NULL,NULL,https://portal.smarta.life/~6Jjah,,
Организация погрузочно-разгрузочной деятельности с опасными грузами на железнодорожном и автомобильноЦелью,Каталог курсов (СДО),,,,,,,,,,,,,11312,обуNULL 290,NULL,16,Повышение,квалификации Нет,NULL NULL,NULL,NULL,https://portal.smarta.life/~JPA2z,,
Основы мобилизационной работы в организации 72 повышение квалификации АНО ДПО УМЦ «Здоровый труд» Борисова Надежда,План разработки 2026,разработка,,,,,,,,запрос на разработку,,март,,,,,,,,,,,,,
Осуществление погрузочно-разгрузочной деятельности с опасными грузами на железнодорожном и автомобил,Каталог курсов (СДО),,,,,,,,,,,,,11311,Целью обуNULL 290,NULL,16,Повышение,квалификации Нет,NULL NULL,NULL,NULL,https://portal.smarta.life/~kpkqF,,
Ответственный за обеспечение безопасности дорожного движения,Оба файла,актуализация,,БДД,,,"УЦ ""Фелица""",Караченцева М.,,в разработке,,март; май,3636,3636,NULL NULL 3420,NULL,256,Профессиональная,переподготов ФРДО,NULL NULL,NULL,NULL,https://portal.smarta.life/~91tY8,,
Оценка и управление профессиональными рисками для руководителей и специалистов,Каталог курсов (СДО),,,,,,,,,,,,,7171,NULL Оценка ри 850,Хит,прода 56,Повышение,квалификации ФРДО,NULL NULL,NULL,NULL,https://portal.smarta.life/~cU6Aw,,
Первичный противопожарный инструктаж,Каталог курсов (СДО),,,,,,,,,,,,,9603,NULL NULL 230,NULL,-,Инструктажи,Нет,NULL NULL,NULL,NULL,,,0
"Персонал, обслуживающий газоиспользующие установки",Каталог курсов (СДО),,,,,,,,,,,,,11177,Целями прNULL 440,NULL,144,Профессиональное,обучение ФРДО,NULL NULL,NULL,NULL,https://portal.smarta.life/~PBYzP,,
"Персонал, обслуживающий трубопроводы пара и горячей воды",Каталог курсов (СДО),,,,,,,,,,,,,10055,NULL NULL 170,NULL,72,Повышение,квалификации Нет,NULL NULL,NULL,NULL,,,0
Повторный противопожарный инструктаж,Каталог курсов (СДО),,,,,,,,,,,,,9602,NULL NULL 230,NULL,-,Инструктажи,Нет,NULL NULL,NULL,NULL,,,0
"Повышение квалификации для лиц, ответственных за безопасную эксплуатацию лифтов, не относящихся к опасн",Каталог курсов (СДО),,,,,,,,,,,,,3121,Учебный к NULL 520,NULL,72,Повышение,квалификации ФРДО,NULL NULL,NULL,NULL,https://portal.smarta.life/~UmhUZ,,
"погрузчика""",Каталог курсов (СДО),,,,,,,,,,,,,9390,NULL Водитель 640,NULL,144,Профессиональное,обучение ФРДО,NULL NULL,NULL,NULL,https://portal.smarta.life/~GS4CQ,,
"Подготовка лиц, ответственных за безопасное выполнение погрузочно-разгрузочных работ",Каталог курсов (СДО),,,,,,,,,,,,,3164,Подготовк Безопасно 290,NULL,48,Повышение,квалификации ФРДО,NULL NULL,NULL,NULL,https://portal.smarta.life/~uRAdM,,
"Подготовка преподавателей, обучающих приемам оказания первой помощи",Каталог курсов (СДО),,,,,,,,,,,,,6024,NULL Подготовк 370,NULL,24,Охрана,труда/Курсы по новому п ФРДО,NULL NULL,NULL,NULL,https://portal.smarta.life/~876PP,,
Подготовка руководителей работ по локализации и ликвидации аварий на опасных производственных объектах,Каталог курсов (СДО),,,,,,,,,,,,,11114,Курс пред Подготовк 290,NULL,72,Повышение,квалификации ФРДО,NULL NULL,NULL,NULL,https://portal.smarta.life/~ImoBe,,
Порядок расследования и учета несчастных случаев на производстве,Каталог курсов (СДО),,,,,,,,,,,,,4002,NULL NULL 230,NULL,16,Повышение,квалификации ФРДО,NULL NULL,NULL,NULL,https://portal.smarta.life/~UFT5y,,
"Предаттестационная подготовка для лиц, претендующих на получение сертификата эксперта на проведение спе",Каталог курсов (СДО),,,,,,,,,,,,,4816,Предаттес NULL 230,NULL,-,Предаттестационная,подготовка Нет,NULL NULL,NULL,NULL,,,0
Прессовщик отходов 2-го разряда,Каталог курсов (СДО),,,,,,,,,,,,,11199,NULL NULL 640,NULL,144,Профессиональное,обучение ФРДО,NULL NULL,NULL,NULL,https://portal.smarta.life/~90jSg,,
"Программа повышения квалификации ""Ежегодные занятия с водителями автотранспортных организаций по без",Каталог курсов (СДО),,,,,,,,,,,,,9644,NULL Ежегодны 410,Новинка,20,Повышение,квалификации ФРДО,NULL NULL,NULL,NULL,https://portal.smarta.life/~kiqCs,,
"Программа повышения квалификации ""Персонал, обслуживающий газовое оборудование промышленных пече",Каталог курсов (СДО),,,,,,,,,,,,,10630,"NULL Персонал, 580",NULL,72,Повышение,квалификации ФРДО,NULL NULL,NULL,NULL,https://portal.smarta.life/~9A58O,,
"Программа повышения квалификации ""Складское оборудование. Стеллажи сборно-разборные""",Каталог курсов (СДО),,,,,,,,,,,,,10628,NULL Складское 410,NULL,72,Повышение,квалификации ФРДО,NULL NULL,NULL,NULL,https://portal.smarta.life/~6CD9q,,
Программа повышения квалификации электротехнического персонала по электробезопасности,Каталог курсов (СДО),,,,,,,,,,,,,10067,NULL NULL 340,NULL,72,Повышение,квалификации ФРДО,NULL NULL,NULL,NULL,https://portal.smarta.life/~4Lv19,,
"Программа повышения квалификации: ""Машинист подъемника (вышки)""",Каталог курсов (СДО),,,,,,,,,,,,,3050,Курс вклю NULL 640,NULL,72,Профессиональное,обучение ФРДО,NULL NULL,NULL,NULL,https://portal.smarta.life/~MZ164,,
"Программа повышения квалификации: ""Организация производства видов строительных работ""",Каталог курсов (СДО),,,,,,,,,,,,,10465,Целью обуОрганизац 640,NULL,72,Повышение,квалификации ФРДО,NULL NULL,NULL,NULL,https://portal.smarta.life/~GW2Ja,,
"Программа повышения квалификации: ""Подготовка персонала, обслуживающего сосуды, работающие под давл",Каталог курсов (СДО),,,,,,,,,,,,,3061,Учебный к NULL 440,NULL,40,Профессиональное,обучение Нет,NULL NULL,NULL,NULL,https://portal.smarta.life/~Wshc0,,
"Программа повышения квалификации: ""Рабочий люльки, находящийся на подъёмнике (вышке)""",Каталог курсов (СДО),,,,,,,,,,,,,3056,Учебный к NULL 460,NULL,36,Профессиональное,обучение Нет,NULL NULL,NULL,NULL,https://portal.smarta.life/~nZgUl,,
"Программа подготовки (переподготовки) рабочих по профессии: ""Аккумуляторщик""",Каталог курсов (СДО),,,,,,,,,,,,,1707,Курс разраNULL 640,NULL,144,Профессиональное,обучение ФРДО,NULL NULL,NULL,NULL,,,0
"Программа подготовки (переподготовки) рабочих по профессии: ""Арматурщик""",Каталог курсов (СДО),,,,,,,,,,,,,8528,NULL NULL 640,NULL,144,Профессиональное,обучение ФРДО,NULL NULL,NULL,NULL,https://portal.smarta.life/~cGd5J,,
"Программа подготовки (переподготовки) рабочих по профессии: ""Водитель (машинист) катка""",Каталог курсов (СДО),,,,,,,,,,,,,9423,NULL Водитель 640,NULL,144,Профессиональное,обучение ФРДО,NULL NULL,NULL,NULL,https://portal.smarta.life/~M2PFm,,
"Программа подготовки (переподготовки) рабочих по профессии: ""Водитель (машинист) экскаватора""",Каталог курсов (СДО),,,,,,,,,,,,,9415,NULL Водитель 640,NULL,144,Профессиональное,обучение ФРДО,NULL NULL,NULL,NULL,https://portal.smarta.life/~gewez,,
"Программа подготовки (переподготовки) рабочих по профессии: ""Лифтёр""",Каталог курсов (СДО),,,,,,,,,,,,,3069,Курс напр NULL 640,NULL,144,Профессиональное,обучение ФРДО,NULL NULL,NULL,NULL,https://portal.smarta.life/~shnbf,,
"Программа подготовки (переподготовки) рабочих по профессии: ""Маляр строительный""",Каталог курсов (СДО),,,,,,,,,,,,,8761,NULL NULL 640,NULL,144,Профессиональное,обучение ФРДО,NULL NULL,NULL,NULL,https://portal.smarta.life/~IofWx,,
"Программа подготовки (переподготовки) рабочих по профессии: ""Машинист компрессорных установок""",Каталог курсов (СДО),,,,,,,,,,,,,6827,NULL NULL 580,NULL,144,Профессиональное,обучение ФРДО,NULL NULL,NULL,NULL,,,0
"Программа подготовки (переподготовки) рабочих по профессии: ""Машинист крана автомобильного""",Каталог курсов (СДО),,,,,,,,,,,,,8863,NULL NULL 640,NULL,144,Профессиональное,обучение ФРДО,NULL NULL,NULL,NULL,https://portal.smarta.life/~S3syS,,
"Программа подготовки (переподготовки) рабочих по профессии: ""Монтажник бетонных и металлических констр",Каталог курсов (СДО),,,,,,,,,,,,,8615,NULL NULL 640,NULL,144,Профессиональное,обучение ФРДО,NULL NULL,NULL,NULL,https://portal.smarta.life/~PE3Tg,,
"Программа подготовки (переподготовки) рабочих по профессии: ""Оператор заправочных станций""",Каталог курсов (СДО),,,,,,,,,,,,,6811,NULL NULL 640,NULL,144,Профессиональное,обучение ФРДО,NULL NULL,NULL,NULL,,,0
"Программа подготовки (переподготовки) рабочих по профессии: ""Оператор котельной""",Каталог курсов (СДО),,,,,,,,,,,,,6277,NULL NULL 640,NULL,144,Профессиональное,обучение ФРДО,NULL NULL,NULL,NULL,https://portal.smarta.life/~xspAS,,
"Программа подготовки (переподготовки) рабочих по профессии: ""Станочник деревообрабатывающих станков",Каталог курсов (СДО),,,,,,,,,,,,,1753,2 NULL NULL 640,NULL,144,Профессиональное,обучение ФРДО,NULL NULL,NULL,NULL,https://portal.smarta.life/~Gq6bd,,
"Программа подготовки (переподготовки) рабочих по профессии: ""Стерилизаторщик материалов и препаратов""",Каталог курсов (СДО),,,,,,,,,,,,,6637,NULL NULL 640,NULL,144,Профессиональное,обучение ФРДО,NULL NULL,NULL,NULL,https://portal.smarta.life/~pYm5m,,
"Программа подготовки (переподготовки) рабочих по профессии: ""Стропальщик""",Каталог курсов (СДО),,,,,,,,,,,,,2928,Целью реаNULL 580,NULL,144,Профессиональное,обучение ФРДО,NULL NULL,NULL,NULL,https://portal.smarta.life/~M7JoQ,,
"Программа подготовки (переподготовки) рабочих по профессии: ""Электромеханик по лифтам""",Каталог курсов (СДО),,,,,,,,,,,,,5281,NULL NULL 640,NULL,144,Профессиональное,обучение ФРДО,NULL NULL,NULL,NULL,https://portal.smarta.life/~iRPFW,,
"Программа подготовки (переподготовки) рабочих по профессии: ""Электромонтажник по силовым сетям и элект",Каталог курсов (СДО),,,,,,,,,,,,,9490,NULL Электромо 640,Новинка,144,Профессиональное,обучение ФРДО,NULL NULL,NULL,NULL,https://portal.smarta.life/~tBtwI,,
"Программа подготовки (переподготовки) рабочих по профессии: ""Электромонтер по обслуживанию электрообо",Каталог курсов (СДО),,,,,,,,,,,,,9662,NULL Электромо 640,NULL,144,Профессиональное,обучение ФРДО,NULL NULL,NULL,NULL,https://portal.smarta.life/~UXmo0,,
Программа подготовки (переподготовки) рабочих по профессии: «Водитель (машинист) автогрейдера»,Каталог курсов (СДО),,,,,,,,,,,,,9382,NULL Водитель 640,NULL,144,Профессиональное,обучение ФРДО,NULL NULL,NULL,NULL,https://portal.smarta.life/~BC0gt,,
Программа подготовки (переподготовки) рабочих по профессии: «Электромонтер охранно-пожарной сигнализа,Каталог курсов (СДО),,,,,,,,,,,,,9554,NULL Электромо 640,NULL,144,Профессиональное,обучение ФРДО,NULL NULL,NULL,NULL,https://portal.smarta.life/~QzjkX,,
"Программа подготовки рабочих по профессии ""Изолировщик на термоизоляции""",Каталог курсов (СДО),,,,,,,,,,,,,9559,NULL Изолиров 640,NULL,144,Профессиональное,обучение ФРДО,NULL NULL,NULL,NULL,https://portal.smarta.life/~zS4ec,,
"Программа подготовки рабочих по профессии: ""Электрогазосварщик""",Каталог курсов (СДО),,,,,,,,,,,,,5086,NULL NULL 580,NULL,144,Профессиональное,обучение ФРДО,NULL NULL,NULL,NULL,https://portal.smarta.life/~RDtL0,,
Проектирование химически опасных производственных объектов (область аттестации Б.1.8),Каталог курсов (СДО),,,,,,,,,,,,,9906,NULL NULL 290,NULL,72,Подготовка,к тестированию в РТН ФРДО,NULL NULL,NULL,NULL,https://portal.smarta.life/~D2EHO,,
"Проектирование, конструирование, изготовление источников ионизирующего излучения и средств радиационной защиты 72 повышение квалификации АНО ДПО УМЦ «Здоровый труд» Борисова Надежда",План разработки 2026,разработка,,,,,,,,запрос на разработку,,март,,,,,,,,,,,,,
"Проектирование, строительство, реконструкция, капитальный ремонт и техническое перевооружение опасных",Каталог курсов (СДО),,,,,,,,,,,,,10930,п NULL Проектиро 290,NULL,40,Подготовка,к тестированию в РТН ФРДО,NULL NULL,NULL,NULL,https://portal.smarta.life/~IzZx0,,
"Проектирование, строительство, реконструкция, техническое перевооружение, капитальный ремонт, консервац",Каталог курсов (СДО),,,,,,,,,,,,,9902,NULL Проектиро 290,NULL,40,Подготовка,к тестированию в РТН ФРДО,NULL NULL,NULL,NULL,https://portal.smarta.life/~EBebr,,
Профессиональная переподготовка в области административно-хозяйственной поддержки и сопровождения де,Каталог курсов (СДО),,,,,,,,,,,,,1275,NULL NULL 4050,NULL,256,Профессиональная,переподготов ФРДО,NULL NULL,NULL,NULL,https://portal.smarta.life/~hbZ6q,,
Профессиональная переподготовка в области ландшафтной архитектуры и садово-паркового строительства,Каталог курсов (СДО),,,,,,,,,,,,,1260,NULL NULL 3470,NULL,256,Профессиональная,переподготов ФРДО,NULL NULL,NULL,NULL,https://portal.smarta.life/~awB2g,,
Профессиональная переподготовка диспетчера автомобильного транспорта,Каталог курсов (СДО),,,,,,,,,,,,,6642,Целью реаNULL 3470,NULL,256,Профессиональная,переподготов ФРДО,NULL NULL,NULL,NULL,https://portal.smarta.life/~NQ5v4,,
Профессиональная переподготовка специалиста по экологической безопасности,Каталог курсов (СДО),,,,,,,,,,,,,7017,NULL NULL 4340,NULL,256,Профессиональная,переподготов ФРДО,NULL NULL,NULL,NULL,https://portal.smarta.life/~ZRqrq,,
Профессиональная переподготовка специалистов по охране труда (256 ч),Каталог курсов (СДО),,,,,,,,,,,,,1524,Обучение Специали 4340,NULL,256,Профессиональная,переподготов ФРДО,NULL NULL,NULL,NULL,https://portal.smarta.life/~TmC5U,,
Профессиональная переподготовка специалистов по охране труда (512 ч),Каталог курсов (СДО),,,,,,,,,,,,,4824,Обучение Специали 5500,NULL,512,Профессиональная,переподготов ФРДО,NULL NULL,NULL,NULL,https://portal.smarta.life/~B68tl,,
"Профессиональная переподготовка: ""Специалист по управлению персоналом""",Каталог курсов (СДО),,,,,,,,,,,,,4482,Курс разраNULL 4340,NULL,256,Профессиональная,переподготов ФРДО,NULL NULL,NULL,NULL,https://portal.smarta.life/~hrf8i,,
Работы во взрывоопасных и пожароопасных помещениях,Каталог курсов (СДО),,,,,,,,,,,,,9347,NULL NULL 370,NULL,16,Охрана,труда/Курсы по новому п ФРДО,NULL NULL,NULL,NULL,https://portal.smarta.life/~FzhAc,,
"Радиационная безопасность при размещении, техническом обслуживании, хранении установок, содержащих источники ионизирующего излучения 72 повышение квалификации АНО ДПО УМЦ «Здоровый труд» Борисова Надежда",Оба файла,разработка,,,,,Винник Е.,,,разработан,,март; май; май,11787,11787,Целью проNULL 520,NULL,72,Повышение,квалификации ФРДО,NULL NULL,NULL,NULL,https://portal.smarta.life/~DALhV,,
"Радиационная безопасность: концепция, нормы и правила, контроль 72 повышение квалификации АНО ДПО УМЦ «Здоровый труд» Борисова Надежда",План разработки 2026,разработка,,,,,,,,запрос на разработку,,март,,,,,,,,,,,,,
Разработка месторождений полезных ископаемых открытым способом (область аттестации Б.4.3),Каталог курсов (СДО),,,,,,,,,,,,,11245,Целью обуNULL 290,NULL,40,Подготовка,к тестированию в РТН ФРДО,NULL NULL,NULL,NULL,https://portal.smarta.life/~QibYA,,
РБ и производственный радиационный контроль на предприятии с правом работы с источниками ионизирующего излучения 72 повышение квалификации АНО ДПО УМЦ «Здоровый труд» Борисова Надежда,План разработки 2026,разработка,,,,,,,,запрос на разработку,,март,,,,,,,,,,,,,
Системы управления обеспечением экологической безопасности,Каталог курсов (СДО),,,,,,,,,,,,,2874,Курс разраNULL 870,NULL,200,Повышение,квалификации ФРДО,NULL NULL,NULL,NULL,https://portal.smarta.life/~aIb0r,,
Слесарь по эксплуатации и ремонту газового оборудования,Каталог курсов (СДО),,,,,,,,,,,,,10810,NULL NULL 640,NULL,144,Профессиональное,обучение Нет,NULL NULL,NULL,NULL,,,0
Специалист в области промышленной безопасности,Каталог курсов (СДО),,,,,,,,,,,,,11244,Целью обуNULL 4340,NULL,256,Профессиональная,переподготов ФРДО,NULL NULL,NULL,NULL,https://portal.smarta.life/~4cdh8,,
Специалист по пожарной профилактике,Каталог курсов (СДО),,,,,,,,,,,,,5700,Программ NULL 4340,NULL,256,Профессиональная,переподготов ФРДО,NULL NULL,NULL,NULL,https://portal.smarta.life/~1SpwD,,
Тестирование А.1. Основы промышленной безопасности,Каталог курсов (СДО),,,,,,,,,,,,,10920,Курс пред NULL 350,Адаптивно-,,Подготовка,к тестированию в РТН Нет,NULL NULL,NULL,NULL,,,0
Тестирование Б.1.1. Эксплуатация химически опасных производственных объектов,Каталог курсов (СДО),,,,,,,,,,,,,10921,Курс пред NULL 350,Адаптивно-,,Подготовка,к тестированию в РТН Нет,NULL NULL,NULL,NULL,,,0
"Тестирование Б.1.10. Проектирование, строительство, реконструкция, техническое перевооружение, капитальныКурс",Каталог курсов (СДО),,,,,,,,,,,,,10939,пред NULL 350,Адаптивно-,,Подготовка,к тестированию в РТН Нет,NULL NULL,NULL,NULL,,,0
"Тестирование Б.1.11. Безопасное ведение газоопасных, огневых и ремонтных работ",Каталог курсов (СДО),,,,,,,,,,,,,10943,Курс пред NULL 350,Адаптивно-,,Подготовка,к тестированию в РТН Нет,NULL NULL,NULL,NULL,,,0
"Тестирование Б.1.12. Химически опасные производственные объекты, связанные с получением, использованиемКурс",Каталог курсов (СДО),,,,,,,,,,,,,10944,пред NULL 350,Адаптивно-,,Подготовка,к тестированию в РТН Нет,NULL NULL,NULL,NULL,,,0
"Тестирование Б.1.13. Химически опасные производственные объекты, связанные с получением, использованиемКурс",Каталог курсов (СДО),,,,,,,,,,,,,10946,пред NULL 350,Адаптивно-,,Подготовка,к тестированию в РТН Нет,NULL NULL,NULL,NULL,,,0
"Тестирование Б.1.14. Химически опасные производственные объекты, связанные с получением, использованиемКурс",Каталог курсов (СДО),,,,,,,,,,,,,10948,пред NULL 350,Адаптивно-,,Подготовка,к тестированию в РТН Нет,NULL NULL,NULL,NULL,,,0
Тестирование Б.1.15. Опасные производственные объекты производств боеприпасов и спецхимии,Каталог курсов (СДО),,,,,,,,,,,,,10949,Курс пред NULL 350,Адаптивно-,,Подготовка,к тестированию в РТН Нет,NULL NULL,NULL,NULL,,,0
Тестирование Б.1.16. Эксплуатация объектов маслоэкстракционных производств и производств гидрогенизации,Каталог курсов (СДО),,,,,,,,,,,,,10956,Курс пред NULL 350,Адаптивно-,,Подготовка,к тестированию в РТН Нет,NULL NULL,NULL,NULL,,,0
Тестирование Б.1.17. Производство и потребление продуктов разделения воздуха,Каталог курсов (СДО),,,,,,,,,,,,,10960,Курс пред NULL 350,Адаптивно-,,Подготовка,к тестированию в РТН Нет,NULL NULL,NULL,NULL,,,0
"Тестирование Б.1.18. Эксплуатация опасных производственных объектов производства шин, резинотехнических",Каталог курсов (СДО),,,,,,,,,,,,,10965,Курс пред NULL 350,Адаптивно-,,Подготовка,к тестированию в РТН Нет,NULL NULL,NULL,NULL,,,0
Тестирование Б.1.19. Химически опасные производственные объекты наземных складов жидкого аммиака,Каталог курсов (СДО),,,,,,,,,,,,,10971,Курс пред NULL 350,Адаптивно-,,Подготовка,к тестированию в РТН Нет,NULL NULL,NULL,NULL,,,0
Тестирование Б.1.2. Эксплуатация опасных производственных объектов нефтегазоперерабатывающих и нефтехиКурс,Каталог курсов (СДО),,,,,,,,,,,,,10922,пред NULL 350,Адаптивно-,,Подготовка,к тестированию в РТН Нет,NULL NULL,NULL,NULL,,,0
Тестирование Б.1.3. Эксплуатация опасных производственных объектов сжиженного природного газа,Каталог курсов (СДО),,,,,,,,,,,,,10923,Курс пред NULL 350,Адаптивно-,,Подготовка,к тестированию в РТН Нет,NULL NULL,NULL,NULL,,,0
Тестирование Б.1.4. Эксплуатация хлорных объектов,Каталог курсов (СДО),,,,,,,,,,,,,10933,Курс пред NULL 350,Адаптивно-,,Подготовка,к тестированию в РТН Нет,NULL NULL,NULL,NULL,,,0
Тестирование Б.1.5. Эксплуатация производств минеральных удобрений,Каталог курсов (СДО),,,,,,,,,,,,,10934,Курс пред NULL 350,Адаптивно-,,Подготовка,к тестированию в РТН Нет,NULL NULL,NULL,NULL,,,0
Тестирование Б.1.6. Эксплуатация аммиачных холодильных установок,Каталог курсов (СДО),,,,,,,,,,,,,10935,Курс пред NULL 350,Адаптивно-,,Подготовка,к тестированию в РТН Нет,NULL NULL,NULL,NULL,,,0
Тестирование Б.1.7. Эксплуатация опасных производственных объектов складов нефти и нефтепродуктов,Каталог курсов (СДО),,,,,,,,,,,,,10936,Курс пред NULL 350,Адаптивно-,,Подготовка,к тестированию в РТН Нет,NULL NULL,NULL,NULL,,,0
Тестирование Б.1.8. Проектирование химически опасных производственных объектов,Каталог курсов (СДО),,,,,,,,,,,,,10937,Курс пред NULL 350,Адаптивно-,,Подготовка,к тестированию в РТН Нет,NULL NULL,NULL,NULL,,,0
"Тестирование Б.1.9. Строительство, реконструкция, техническое перевооружение, капитальный ремонт, консерв",Каталог курсов (СДО),,,,,,,,,,,,,10938,Курс пред NULL 350,Адаптивно-,,Подготовка,к тестированию в РТН Нет,NULL NULL,NULL,NULL,,,0
Тестирование Б.10.1. Транспортирование опасных веществ железнодорожным транспортом,Каталог курсов (СДО),,,,,,,,,,,,,11015,Курс пред NULL 350,Адаптивно-,,Подготовка,к тестированию в РТН Нет,NULL NULL,NULL,NULL,,,0
Тестирование Б.10.2. Транспортирование опасных веществ автомобильным транспортом,Каталог курсов (СДО),,,,,,,,,,,,,11016,Курс пред NULL 350,Адаптивно-,,Подготовка,к тестированию в РТН Нет,NULL NULL,NULL,NULL,,,0
"Тестирование Б.11.1. Эксплуатация объектов хранения и переработки растительного сырья, в том числе изготовл",Каталог курсов (СДО),,,,,,,,,,,,,11017,Курс пред NULL 350,Адаптивно-,,Подготовка,к тестированию в РТН Нет,NULL NULL,NULL,NULL,,,0
"Тестирование Б.11.2. Проектирование, строительство, реконструкция, капитальный ремонт, техническое перево",Каталог курсов (СДО),,,,,,,,,,,,,11018,Курс пред NULL 350,Адаптивно-,,Подготовка,к тестированию в РТН Нет,NULL NULL,NULL,NULL,,,0
Тестирование Б.12.1. Взрывные работы в подземных выработках и на поверхности рудников (объектах горнорудКурс,Каталог курсов (СДО),,,,,,,,,,,,,11019,пред NULL 350,Адаптивно-,,Подготовка,к тестированию в РТН Нет,NULL NULL,NULL,NULL,,,0
Тестирование Б.12.2. Взрывные работы на открытых горных разработках и специальные взрывные работы,Каталог курсов (СДО),,,,,,,,,,,,,11020,Курс пред NULL 350,Адаптивно-,,Подготовка,к тестированию в РТН Нет,NULL NULL,NULL,NULL,,,0
Тестирование Б.2.1. Эксплуатация объектов нефтяной и газовой промышленности,Каталог курсов (СДО),,,,,,,,,,,,,10942,Курс пред NULL 350,Адаптивно-,,Подготовка,к тестированию в РТН Нет,NULL NULL,NULL,NULL,,,0
Тестирование Б.2.10. Подземные хранилища газа,Каталог курсов (СДО),,,,,,,,,,,,,10957,Курс пред NULL 350,Адаптивно-,,Подготовка,к тестированию в РТН Нет,NULL NULL,NULL,NULL,,,0
"Тестирование Б.2.11. Ремонтные, монтажные и пусконаладочные работы на опасных производственных объектаКурс",Каталог курсов (СДО),,,,,,,,,,,,,10958,пред NULL 350,Адаптивно-,,Подготовка,к тестированию в РТН Нет,NULL NULL,NULL,NULL,,,0
Тестирование Б.2.12. Разработка нефтяных месторождений шахтным способом,Каталог курсов (СДО),,,,,,,,,,,,,10959,Курс пред NULL 350,Адаптивно-,,Подготовка,к тестированию в РТН Нет,NULL NULL,NULL,NULL,,,0
Тестирование Б.2.2. Ремонт нефтяных и газовых скважин,Каталог курсов (СДО),,,,,,,,,,,,,10945,Курс пред NULL 350,Адаптивно-,,Подготовка,к тестированию в РТН Нет,NULL NULL,NULL,NULL,,,0
"Тестирование Б.2.3. Проектирование, строительство, реконструкция и капитальный ремонт объектов нефтяной",Каталог курсов (СДО),,,,,,,,,,,,,10947,иКурс пред NULL 350,Адаптивно-,,Подготовка,к тестированию в РТН Нет,NULL NULL,NULL,NULL,,,0
Тестирование Б.2.4. Бурение нефтяных и газовых скважин,Каталог курсов (СДО),,,,,,,,,,,,,10950,Курс пред NULL 350,Адаптивно-,,Подготовка,к тестированию в РТН Нет,NULL NULL,NULL,NULL,,,0
"Тестирование Б.2.5. Промысловые трубопроводы для транспортирования нефти, газа и газового конденсата",Каталог курсов (СДО),,,,,,,,,,,,,10951,Курс пред NULL 350,Адаптивно-,,Подготовка,к тестированию в РТН Нет,NULL NULL,NULL,NULL,,,0
Тестирование Б.2.6. Разведка и разработка морских месторождений углеводородного сырья,Каталог курсов (СДО),,,,,,,,,,,,,10952,Курс пред NULL 350,Адаптивно-,,Подготовка,к тестированию в РТН Нет,NULL NULL,NULL,NULL,,,0
Тестирование Б.2.7. Магистральные нефтепроводы и нефтепродуктопроводы,Каталог курсов (СДО),,,,,,,,,,,,,10953,Курс пред NULL 350,Адаптивно-,,Подготовка,к тестированию в РТН Нет,NULL NULL,NULL,NULL,,,0
Тестирование Б.2.8. Магистральные газопроводы,Каталог курсов (СДО),,,,,,,,,,,,,10954,Курс пред NULL 350,Адаптивно-,,Подготовка,к тестированию в РТН Нет,NULL NULL,NULL,NULL,,,0
Тестирование Б.2.9. Магистральные аммиакопроводы,Каталог курсов (СДО),,,,,,,,,,,,,10955,Курс пред NULL 350,Адаптивно-,,Подготовка,к тестированию в РТН Нет,NULL NULL,NULL,NULL,,,0
Тестирование Б.3.1. Литейное производство черных и цветных металлов,Каталог курсов (СДО),,,,,,,,,,,,,10961,Курс пред NULL 350,Адаптивно-,,Подготовка,к тестированию в РТН Нет,NULL NULL,NULL,NULL,,,0
Тестирование Б.3.10. Энергетические службы металлургических предприятий,Каталог курсов (СДО),,,,,,,,,,,,,10972,Курс пред NULL 350,Адаптивно-,,Подготовка,к тестированию в РТН Нет,NULL NULL,NULL,NULL,,,0
Тестирование Б.3.2. Медно-никелевое производство,Каталог курсов (СДО),,,,,,,,,,,,,10962,Курс пред NULL 350,Адаптивно-,,Подготовка,к тестированию в РТН Нет,NULL NULL,NULL,NULL,,,0
Тестирование Б.3.3. Коксохимическое производство,Каталог курсов (СДО),,,,,,,,,,,,,10963,Курс пред NULL 350,Адаптивно-,,Подготовка,к тестированию в РТН Нет,NULL NULL,NULL,NULL,,,0
Тестирование Б.3.4. Производство первичного алюминия,Каталог курсов (СДО),,,,,,,,,,,,,10964,Курс пред NULL 350,Адаптивно-,,Подготовка,к тестированию в РТН Нет,NULL NULL,NULL,NULL,,,0
"Тестирование Б.3.5. Производство редких, благородных и других цветных металлов",Каталог курсов (СДО),,,,,,,,,,,,,10966,Курс пред NULL 350,Адаптивно-,,Подготовка,к тестированию в РТН Нет,NULL NULL,NULL,NULL,,,0
Тестирование Б.3.6. Доменное и сталеплавильное производство,Каталог курсов (СДО),,,,,,,,,,,,,10967,Курс пред NULL 350,Адаптивно-,,Подготовка,к тестированию в РТН Нет,NULL NULL,NULL,NULL,,,0
Тестирование Б.3.7. Производство ферросплавов,Каталог курсов (СДО),,,,,,,,,,,,,10968,Курс пред NULL 350,Адаптивно-,,Подготовка,к тестированию в РТН Нет,NULL NULL,NULL,NULL,,,0
Тестирование Б.3.8. Производство с полным металлургическим циклом,Каталог курсов (СДО),,,,,,,,,,,,,10969,Курс пред NULL 350,Адаптивно-,,Подготовка,к тестированию в РТН Нет,NULL NULL,NULL,NULL,,,0
"Тестирование Б.3.9. Проектирование, строительство, реконструкция, капитальный ремонт объектов металлурги",Каталог курсов (СДО),,,,,,,,,,,,,10970,Курс пред NULL 350,Адаптивно-,,Подготовка,к тестированию в РТН Нет,NULL NULL,NULL,NULL,,,0
Тестирование Б.4.1. Обогащение полезных ископаемых,Каталог курсов (СДО),,,,,,,,,,,,,10974,Курс пред NULL 350,Адаптивно-,,Подготовка,к тестированию в РТН Нет,NULL NULL,NULL,NULL,,,0
"Тестирование Б.4.2. Проектирование, строительство, реконструкция, капитальный ремонт объектов горной промКурс",Каталог курсов (СДО),,,,,,,,,,,,,10975,пред NULL 350,Адаптивно-,,Подготовка,к тестированию в РТН Нет,NULL NULL,NULL,NULL,,,0
Тестирование Б.4.3. Разработка месторождений полезных ископаемых открытым способом,Каталог курсов (СДО),,,,,,,,,,,,,10976,Курс пред NULL 350,Адаптивно-,,Подготовка,к тестированию в РТН Нет,NULL NULL,NULL,NULL,,,0
Тестирование Б.4.4. Разработка месторождений полезных ископаемых подземным способом,Каталог курсов (СДО),,,,,,,,,,,,,10977,Курс пред NULL 350,Адаптивно-,,Подготовка,к тестированию в РТН Нет,NULL NULL,NULL,NULL,,,0
Тестирование Б.5.1. Разработка угольных месторождений открытым способом,Каталог курсов (СДО),,,,,,,,,,,,,10978,Курс пред NULL 350,Адаптивно-,,Подготовка,к тестированию в РТН Нет,NULL NULL,NULL,NULL,,,0
Тестирование Б.5.2. Обогащение и брикетирование углей (сланцев),Каталог курсов (СДО),,,,,,,,,,,,,10979,Курс пред NULL 350,Адаптивно-,,Подготовка,к тестированию в РТН Нет,NULL NULL,NULL,NULL,,,0
Тестирование Б.5.3. Разработка угольных месторождений подземным способом,Каталог курсов (СДО),,,,,,,,,,,,,10980,Курс пред NULL 350,Адаптивно-,,Подготовка,к тестированию в РТН Нет,NULL NULL,NULL,NULL,,,0
Тестирование Б.6.1. Маркшейдерское обеспечение безопасного ведения горных работ при осуществлении рабо,Каталог курсов (СДО),,,,,,,,,,,,,10981,Курс пред NULL 350,Адаптивно-,,Подготовка,к тестированию в РТН Нет,NULL NULL,NULL,NULL,,,0
Тестирование Б.6.2. Маркшейдерское обеспечение безопасного ведения горных работ при осуществлении поль,Каталог курсов (СДО),,,,,,,,,,,,,10982,Курс пред NULL 350,Адаптивно-,,Подготовка,к тестированию в РТН Нет,NULL NULL,NULL,NULL,,,0
Тестирование Б.6.3. Маркшейдерское обеспечение безопасного ведения горных работ при осуществлении разр,Каталог курсов (СДО),,,,,,,,,,,,,10983,Курс пред NULL 350,Адаптивно-,,Подготовка,к тестированию в РТН Нет,NULL NULL,NULL,NULL,,,0
Тестирование Б.6.4. Маркшейдерское обеспечение безопасного ведения горных работ при осуществлении разр,Каталог курсов (СДО),,,,,,,,,,,,,10984,Курс пред NULL 350,Адаптивно-,,Подготовка,к тестированию в РТН Нет,NULL NULL,NULL,NULL,,,0
Тестирование Б.6.5. Маркшейдерское обеспечение безопасного ведения горных работ при осуществлении разр,Каталог курсов (СДО),,,,,,,,,,,,,10985,Курс пред NULL 350,Адаптивно-,,Подготовка,к тестированию в РТН Нет,NULL NULL,NULL,NULL,,,0
"Тестирование Б.7.1. Эксплуатация (включая техническое обслуживание, техническое диагностирование, текущийКурс",Каталог курсов (СДО),,,,,,,,,,,,,10986,пред NULL 350,Адаптивно-,,Подготовка,к тестированию в РТН Нет,NULL NULL,NULL,NULL,,,0
Тестирование Б.7.2. Эксплуатация сетей газораспределения и газопотребления тепловых электрических станций,Каталог курсов (СДО),,,,,,,,,,,,,10987,Курс пред NULL 350,Адаптивно-,,Подготовка,к тестированию в РТН Нет,NULL NULL,NULL,NULL,,,0
Тестирование Б.7.3. Эксплуатация сетей газораспределения и газопотребления газотурбинных и парогазовых устКурс,Каталог курсов (СДО),,,,,,,,,,,,,10988,пред NULL 350,Адаптивно-,,Подготовка,к тестированию в РТН Нет,NULL NULL,NULL,NULL,,,0
"Тестирование Б.7.4. Эксплуатация объектов, использующих сжиженные углеводородные газы",Каталог курсов (СДО),,,,,,,,,,,,,10989,Курс пред NULL 350,Адаптивно-,,Подготовка,к тестированию в РТН Нет,NULL NULL,NULL,NULL,,,0
"Тестирование Б.7.5. Проектирование, строительство, реконструкция, техническое перевооружение и капитальныКурс",Каталог курсов (СДО),,,,,,,,,,,,,10990,пред NULL 350,Адаптивно-,,Подготовка,к тестированию в РТН Нет,NULL NULL,NULL,NULL,,,0
Тестирование Б.7.6. Эксплуатация автогазозаправочных станций газомоторного топлива,Каталог курсов (СДО),,,,,,,,,,,,,10991,Курс пред NULL 350,Адаптивно-,,Подготовка,к тестированию в РТН Нет,NULL NULL,NULL,NULL,,,0
"Тестирование Б.8.1. Эксплуатация опасных производственных объектов, на которых используются котлы (паровыКурс",Каталог курсов (СДО),,,,,,,,,,,,,10992,пред NULL 350,Адаптивно-,,Подготовка,к тестированию в РТН Нет,NULL NULL,NULL,NULL,,,0
Тестирование Б.8.1.1. Эксплуатация опасных производственных объектов тепловых электростанций и иных объе,Каталог курсов (СДО),,,,,,,,,,,,,10993,Курс пред NULL 350,Адаптивно-,,Подготовка,к тестированию в РТН Нет,NULL NULL,NULL,NULL,,,0
"Тестирование Б.8.1.2. Эксплуатация опасных производственных объектов, на которых используются паровые котКурс",Каталог курсов (СДО),,,,,,,,,,,,,10994,пред NULL 350,Адаптивно-,,Подготовка,к тестированию в РТН Нет,NULL NULL,NULL,NULL,,,0
"Тестирование Б.8.1.3. Эксплуатация опасных производственных объектов, на которых используются водогрейны",Каталог курсов (СДО),,,,,,,,,,,,,10995,Курс пред NULL 350,Адаптивно-,,Подготовка,к тестированию в РТН Нет,NULL NULL,NULL,NULL,,,0
"Тестирование Б.8.1.4. Эксплуатация опасных производственных объектов, на которых используются электрическ",Каталог курсов (СДО),,,,,,,,,,,,,10996,Курс пред NULL 350,Адаптивно-,,Подготовка,к тестированию в РТН Нет,NULL NULL,NULL,NULL,,,0
"Тестирование Б.8.1.5. Эксплуатация опасных производственных объектов, на которых используются котлы и их",Каталог курсов (СДО),,,,,,,,,,,,,10997,т Курс пред NULL 350,Адаптивно-,,Подготовка,к тестированию в РТН Нет,NULL NULL,NULL,NULL,,,0
"Тестирование Б.8.2. Эксплуатация опасных производственных объектов, на которых используются трубопроводыКурс",Каталог курсов (СДО),,,,,,,,,,,,,10998,пред NULL 350,Адаптивно-,,Подготовка,к тестированию в РТН Нет,NULL NULL,NULL,NULL,,,0
"Тестирование Б.8.3. Эксплуатация опасных производственных объектов, на которых используются сосуды, работ",Каталог курсов (СДО),,,,,,,,,,,,,10999,Курс пред NULL 350,Адаптивно-,,Подготовка,к тестированию в РТН Нет,NULL NULL,NULL,NULL,,,0
"Тестирование Б.8.4. Эксплуатация опасных производственных объектов, на которых используются медицинские",Каталог курсов (СДО),,,,,,,,,,,,,11000,Курс пред NULL 350,Адаптивно-,,Подготовка,к тестированию в РТН Нет,NULL NULL,NULL,NULL,,,0
"Тестирование Б.8.5. Эксплуатация опасных производственных объектов, на которых используются водолазные",Каталог курсов (СДО),,,,,,,,,,,,,11001,б Курс пред NULL 350,Адаптивно-,,Подготовка,к тестированию в РТН Нет,NULL NULL,NULL,NULL,,,0
"Тестирование Б.8.6. Проектирование, строительство, реконструкция, капитальный ремонт и техническое перево",Каталог курсов (СДО),,,,,,,,,,,,,11002,Курс пред NULL 350,Адаптивно-,,Подготовка,к тестированию в РТН Нет,NULL NULL,NULL,NULL,,,0
"Тестирование Б.8.6.1. Проектирование, строительство, реконструкция, капитальный ремонт и техническое перев",Каталог курсов (СДО),,,,,,,,,,,,,11003,Курс пред NULL 350,Адаптивно-,,Подготовка,к тестированию в РТН Нет,NULL NULL,NULL,NULL,,,0
"Тестирование Б.8.6.2. Изготовление, монтаж (демонтаж), обслуживание и ремонт (реконструкция) с применениеКурс",Каталог курсов (СДО),,,,,,,,,,,,,11004,пред NULL 350,Адаптивно-,,Подготовка,к тестированию в РТН Нет,NULL NULL,NULL,NULL,,,0
"Тестирование Б.8.7. Наполнение, техническое освидетельствование и ремонт баллонов для хранения и транспорКурс",Каталог курсов (СДО),,,,,,,,,,,,,11005,пред NULL 350,Адаптивно-,,Подготовка,к тестированию в РТН Нет,NULL NULL,NULL,NULL,,,0
"Тестирование Б.9.1. Эксплуатация и капитальный ремонт опасных производственных объектов, на которых испо",Каталог курсов (СДО),,,,,,,,,,,,,11006,Курс пред NULL 350,Адаптивно-,,Подготовка,к тестированию в РТН Нет,NULL NULL,NULL,NULL,,,0
"Тестирование Б.9.2. Проектирование, строительство, реконструкция, техническое перевооружение, консерваци",Каталог курсов (СДО),,,,,,,,,,,,,11007,Курс пред NULL 350,Адаптивно-,,Подготовка,к тестированию в РТН Нет,NULL NULL,NULL,NULL,,,0
"Тестирование Б.9.3. Эксплуатация опасных производственных объектов, на которых используются подъемные",Каталог курсов (СДО),,,,,,,,,,,,,11008,соКурс пред NULL 350,Адаптивно-,,Подготовка,к тестированию в РТН Нет,NULL NULL,NULL,NULL,,,0
"Тестирование Б.9.4. Проектирование, строительство, реконструкция, техническое перевооружение, капитальны",Каталог курсов (СДО),,,,,,,,,,,,,11009,Курс пред NULL 350,Адаптивно-,,Подготовка,к тестированию в РТН Нет,NULL NULL,NULL,NULL,,,0
"Тестирование Б.9.5. Монтаж, наладка, обслуживание, ремонт, реконструкция или модернизация подъемных сооКурс",Каталог курсов (СДО),,,,,,,,,,,,,11010,пред NULL 350,Адаптивно-,,Подготовка,к тестированию в РТН Нет,NULL NULL,NULL,NULL,,,0
"Тестирование Б.9.6. Эксплуатация и капитальный ремонт опасных производственных объектов, на которых испо",Каталог курсов (СДО),,,,,,,,,,,,,11011,Курс пред NULL 350,Адаптивно-,,Подготовка,к тестированию в РТН Нет,NULL NULL,NULL,NULL,,,0
"Тестирование Б.9.7. Проектирование, строительство, реконструкция, техническое перевооружение, консерваци",Каталог курсов (СДО),,,,,,,,,,,,,11012,Курс пред NULL 350,Адаптивно-,,Подготовка,к тестированию в РТН Нет,NULL NULL,NULL,NULL,,,0
"Тестирование Б.9.8. Эксплуатация и капитальный ремонт опасных производственных объектов, на которых испо",Каталог курсов (СДО),,,,,,,,,,,,,11013,Курс пред NULL 350,Адаптивно-,,Подготовка,к тестированию в РТН Нет,NULL NULL,NULL,NULL,,,0
"Тестирование Б.9.9. Проектирование, строительство, реконструкция, техническое перевооружение, консерваци",Каталог курсов (СДО),,,,,,,,,,,,,11014,Курс пред NULL 350,Адаптивно-,,Подготовка,к тестированию в РТН Нет,NULL NULL,NULL,NULL,,,0
Тестирование В.1. Гидротехнические сооружения объектов промышленности,Каталог курсов (СДО),,,,,,,,,,,,,11021,Курс пред NULL 350,Адаптивно-,,Подготовка,к тестированию в РТН Нет,NULL NULL,NULL,NULL,,,0
Тестирование В.2. Гидротехнические сооружения объектов энергетики,Каталог курсов (СДО),,,,,,,,,,,,,11022,Курс пред NULL 350,Адаптивно-,,Подготовка,к тестированию в РТН Нет,NULL NULL,NULL,NULL,,,0
Тестирование В.4. Экспертиза деклараций безопасности гидротехнических сооружений,Каталог курсов (СДО),,,,,,,,,,,,,11024,Курс пред NULL 350,Адаптивно-,,Подготовка,к тестированию в РТН Нет,NULL NULL,NULL,NULL,,,0
Тестирование В.5. Судоходные гидротехнические сооружения,Каталог курсов (СДО),,,,,,,,,,,,,11025,Курс пред NULL 350,Адаптивно-,,Подготовка,к тестированию в РТН Нет,NULL NULL,NULL,NULL,,,0
Тестирование В.З. Гидротехнические сооружения объектов водохозяйственного комплекса,Каталог курсов (СДО),,,,,,,,,,,,,11023,Курс пред NULL 350,Адаптивно-,,Подготовка,к тестированию в РТН Нет,NULL NULL,NULL,NULL,,,0
Тестирование Г.1.1. Эксплуатация электроустановок,Каталог курсов (СДО),,,,,,,,,,,,,11026,Курс пред NULL 350,Адаптивно-,,Подготовка,к тестированию в РТН Нет,NULL NULL,NULL,NULL,,,0
Тестирование Г.2.1. Эксплуатация тепловых электрических станций,Каталог курсов (СДО),,,,,,,,,,,,,11027,Курс пред NULL 350,Адаптивно-,,Подготовка,к тестированию в РТН Нет,NULL NULL,NULL,NULL,,,0
Тестирование Г.2.2. Эксплуатация электрических сетей,Каталог курсов (СДО),,,,,,,,,,,,,11028,Курс пред NULL 350,Адаптивно-,,Подготовка,к тестированию в РТН Нет,NULL NULL,NULL,NULL,,,0
Тестирование Г.2.3. Эксплуатация гидроэлектростанций,Каталог курсов (СДО),,,,,,,,,,,,,11029,Курс пред NULL 350,Адаптивно-,,Подготовка,к тестированию в РТН Нет,NULL NULL,NULL,NULL,,,0
Тестирование Г.2.4. Эксплуатация объектов возобновляемых источников энергии,Каталог курсов (СДО),,,,,,,,,,,,,11030,Курс пред NULL 350,Адаптивно-,,Подготовка,к тестированию в РТН Нет,NULL NULL,NULL,NULL,,,0
Тестирование. Поставщики тепловой энергии. Теплоснабжающие и теплогенерирующие компании,Каталог курсов (СДО),,,,,,,,,,,,,11067,Курс пред NULL 350,Адаптивно-,,Подготовка,к тестированию в РТН Нет,NULL NULL,NULL,NULL,,,0
Тестирование. Поставщики электроэнергии До 1000 В II Группа,Каталог курсов (СДО),,,,,,,,,,,,,11059,Курс пред NULL 350,Адаптивно-,,Подготовка,к тестированию в РТН Нет,NULL NULL,NULL,NULL,,,0
Тестирование. Поставщики электроэнергии До 1000 В III Группа,Каталог курсов (СДО),,,,,,,,,,,,,11060,Курс пред NULL 350,Адаптивно-,,Подготовка,к тестированию в РТН Нет,NULL NULL,NULL,NULL,,,0
Тестирование. Поставщики электроэнергии До 1000 В IV Группа,Каталог курсов (СДО),,,,,,,,,,,,,11061,Курс пред NULL 350,Адаптивно-,,Подготовка,к тестированию в РТН Нет,NULL NULL,NULL,NULL,,,0
Тестирование. Поставщики электроэнергии До 1000 В V Группа,Каталог курсов (СДО),,,,,,,,,,,,,11062,Курс пред NULL 350,Адаптивно-,,Подготовка,к тестированию в РТН Нет,NULL NULL,NULL,NULL,,,0
Тестирование. Поставщики электроэнергии До и выше 1000 В II Группа,Каталог курсов (СДО),,,,,,,,,,,,,11054,Курс пред NULL 350,Адаптивно-,,Подготовка,к тестированию в РТН Нет,NULL NULL,NULL,NULL,,,0
Тестирование. Поставщики электроэнергии До и выше 1000 В III Группа,Каталог курсов (СДО),,,,,,,,,,,,,11055,Курс пред NULL 350,Адаптивно-,,Подготовка,к тестированию в РТН Нет,NULL NULL,NULL,NULL,,,0
Тестирование. Поставщики электроэнергии До и выше 1000 В IV Группа,Каталог курсов (СДО),,,,,,,,,,,,,11057,Курс пред NULL 350,Адаптивно-,,Подготовка,к тестированию в РТН Нет,NULL NULL,NULL,NULL,,,0
Тестирование. Поставщики электроэнергии До и выше 1000 В V Группа,Каталог курсов (СДО),,,,,,,,,,,,,11058,Курс пред NULL 350,Адаптивно-,,Подготовка,к тестированию в РТН Нет,NULL NULL,NULL,NULL,,,0
Тестирование. Потребители электроэнергии. Непромышленные. До 1000 В II Группа,Каталог курсов (СДО),,,,,,,,,,,,,11082,Курс пред NULL 350,Адаптивно-,,Подготовка,к тестированию в РТН Нет,NULL NULL,NULL,NULL,,,0
Тестирование. Потребители электроэнергии. Непромышленные. До 1000 В III Группа,Каталог курсов (СДО),,,,,,,,,,,,,11083,Курс пред NULL 350,Адаптивно-,,Подготовка,к тестированию в РТН Нет,NULL NULL,NULL,NULL,,,0
Тестирование. Потребители электроэнергии. Непромышленные. До 1000 В IV Группа,Каталог курсов (СДО),,,,,,,,,,,,,11084,Курс пред NULL 350,Адаптивно-,,Подготовка,к тестированию в РТН Нет,NULL NULL,NULL,NULL,,,0
Тестирование. Потребители электроэнергии. Непромышленные. До 1000 В V Группа,Каталог курсов (СДО),,,,,,,,,,,,,11085,Курс пред NULL 350,Адаптивно-,,Подготовка,к тестированию в РТН Нет,NULL NULL,NULL,NULL,,,0
Тестирование. Потребители электроэнергии. Непромышленные. До и выше 1000 В II Группа,Каталог курсов (СДО),,,,,,,,,,,,,11074,Курс пред NULL 350,Адаптивно-,,Подготовка,к тестированию в РТН Нет,NULL NULL,NULL,NULL,,,0
Тестирование. Потребители электроэнергии. Непромышленные. До и выше 1000 В III Группа,Каталог курсов (СДО),,,,,,,,,,,,,11075,Курс пред NULL 350,Адаптивно-,,Подготовка,к тестированию в РТН Нет,NULL NULL,NULL,NULL,,,0
Тестирование. Потребители электроэнергии. Непромышленные. До и выше 1000 В IV Группа,Каталог курсов (СДО),,,,,,,,,,,,,11076,Курс пред NULL 350,Адаптивно-,,Подготовка,к тестированию в РТН Нет,NULL NULL,NULL,NULL,,,0
Тестирование. Потребители электроэнергии. Непромышленные. До и выше 1000 В V Группа,Каталог курсов (СДО),,,,,,,,,,,,,11077,Курс пред NULL 350,Адаптивно-,,Подготовка,к тестированию в РТН Нет,NULL NULL,NULL,NULL,,,0
Тестирование. Потребители электроэнергии. Промышленные. До 1000 В II Группа,Каталог курсов (СДО),,,,,,,,,,,,,11078,Курс пред NULL 350,Адаптивно-,,Подготовка,к тестированию в РТН Нет,NULL NULL,NULL,NULL,,,0
Тестирование. Потребители электроэнергии. Промышленные. До 1000 В III Группа,Каталог курсов (СДО),,,,,,,,,,,,,11079,Курс пред NULL 350,Адаптивно-,,Подготовка,к тестированию в РТН Нет,NULL NULL,NULL,NULL,,,0
Тестирование. Потребители электроэнергии. Промышленные. До 1000 В IV Группа,Каталог курсов (СДО),,,,,,,,,,,,,11080,Курс пред NULL 350,Адаптивно-,,Подготовка,к тестированию в РТН Нет,NULL NULL,NULL,NULL,,,0
Тестирование. Потребители электроэнергии. Промышленные. До 1000 В V Группа,Каталог курсов (СДО),,,,,,,,,,,,,11081,Курс пред NULL 350,Адаптивно-,,Подготовка,к тестированию в РТН Нет,NULL NULL,NULL,NULL,,,0
Тестирование. Потребители электроэнергии. Промышленные. До и выше 1000 В II Группа,Каталог курсов (СДО),,,,,,,,,,,,,11063,Курс пред NULL 350,Адаптивно-,,Подготовка,к тестированию в РТН Нет,NULL NULL,NULL,NULL,,,0
Тестирование. Потребители электроэнергии. Промышленные. До и выше 1000 В III Группа,Каталог курсов (СДО),,,,,,,,,,,,,11064,Курс пред NULL 350,Адаптивно-,,Подготовка,к тестированию в РТН Нет,NULL NULL,NULL,NULL,,,0
Тестирование. Потребители электроэнергии. Промышленные. До и выше 1000 В IV Группа,Каталог курсов (СДО),,,,,,,,,,,,,11065,Курс пред NULL 350,Адаптивно-,,Подготовка,к тестированию в РТН Нет,NULL NULL,NULL,NULL,,,0
Тестирование. Потребители электроэнергии. Промышленные. До и выше 1000 В V Группа,Каталог курсов (СДО),,,,,,,,,,,,,11066,Курс пред NULL 350,Адаптивно-,,Подготовка,к тестированию в РТН Нет,NULL NULL,NULL,NULL,,,0
Тестирование. Теплопотребители. Вентиляция,Каталог курсов (СДО),,,,,,,,,,,,,11068,Курс пред NULL 350,Адаптивно-,,Подготовка,к тестированию в РТН Нет,NULL NULL,NULL,NULL,,,0
Тестирование. Теплопотребители. Вентиляция и отопление,Каталог курсов (СДО),,,,,,,,,,,,,11071,Курс пред NULL 350,Адаптивно-,,Подготовка,к тестированию в РТН Нет,NULL NULL,NULL,NULL,,,0
Тестирование. Теплопотребители. Отопление,Каталог курсов (СДО),,,,,,,,,,,,,11069,Курс пред NULL 350,Адаптивно-,,Подготовка,к тестированию в РТН Нет,NULL NULL,NULL,NULL,,,0
Тестирование. Теплопотребители. Отопление и вентиляция,Каталог курсов (СДО),,,,,,,,,,,,,11097,Курс пред NULL 350,Адаптивно-,,Подготовка,к тестированию в РТН Нет,NULL NULL,NULL,NULL,,,0
Тестирование. Теплопотребители. Технооборудование,Каталог курсов (СДО),,,,,,,,,,,,,11070,Курс пред NULL 350,Адаптивно-,,Подготовка,к тестированию в РТН Нет,NULL NULL,NULL,NULL,,,0
Тестирование. Теплопотребители. Технооборудование и вентиляция,Каталог курсов (СДО),,,,,,,,,,,,,11072,Курс пред NULL 350,Адаптивно-,,Подготовка,к тестированию в РТН Нет,NULL NULL,NULL,NULL,,,0
Тестирование. Теплопотребители. Технооборудование и отопление,Каталог курсов (СДО),,,,,,,,,,,,,11073,Курс пред NULL 350,Адаптивно-,,Подготовка,к тестированию в РТН Нет,NULL NULL,NULL,NULL,,,0
Техническая эксплуатация объектов теплоснабжения и теплопотребляющих установок,Оба файла,разработка,,ПП,256,проф. переподготовка,АНО ДПО УМЦ «Здоровый труд»,Борисова Надежда,,разработан,Винник Е.,апрель,11786,11786,обТехническ 4340,NULL,256,Профессиональная,переподготов ФРДО,NULL NULL,NULL,NULL,https://portal.smarta.life/~5AeSg,,
Технология выполнения (приёмки) монтажных соединений на высокопрочных болтах с контролируемым натяжеNULL,Каталог курсов (СДО),,,,,,,,,,,,,9445,NULL 370,NULL,40,Повышение,квалификации Нет,NULL NULL,NULL,NULL,https://portal.smarta.life/~W3Uht,,
Техносферная безопасность (256 ч),Каталог курсов (СДО),,,,,,,,,,,,,6643,Обучение NULL 4340,NULL,256,Профессиональная,переподготов ФРДО,NULL NULL,NULL,NULL,https://portal.smarta.life/~u6oaX,,
Техносферная безопасность (512 ч),Каталог курсов (СДО),,,,,,,,,,,,,6644,Обучение NULL 5500,NULL,512,Профессиональная,переподготов ФРДО,NULL NULL,NULL,NULL,https://portal.smarta.life/~WbIao,,
Требования промышленной безопасности гидротехнических сооружений объектов промышленности (В.1),Каталог курсов (СДО),,,,,,,,,,,,,10786,NULL NULL 290,NULL,40,Подготовка,к тестированию в РТН ФРДО,NULL NULL,NULL,NULL,https://portal.smarta.life/~2Ewf1,,
Требования промышленной безопасности гидротехнических сооружений объектов энергетики (В.2),Каталог курсов (СДО),,,,,,,,,,,,,10877,NULL NULL 290,NULL,40,Подготовка,к тестированию в РТН ФРДО,NULL NULL,NULL,NULL,https://portal.smarta.life/~SKHT0,,
"Требования промышленной безопасности к эксплуатации котлов (паровых, водогрейных, электрических, с органNULL",Каталог курсов (СДО),,,,,,,,,,,,,9779,Требован 520,NULL,72,Подготовка,к тестированию в РТН ФРДО,NULL NULL,NULL,NULL,https://portal.smarta.life/~5Wntx,,
Управление грузоподъемными механизмами с пола,Каталог курсов (СДО),,,,,,,,,,,,,7194,NULL Управлен 350,NULL,36,Профессиональное,обучение ФРДО,NULL NULL,NULL,NULL,https://portal.smarta.life/~2Xumq,,
Физико-химические методы и средства химического анализа в деятельности испытательных лабораторий 256; 72 прф.переподготовка повышение квалификации АНО ДПО УМЦ «Здоровый труд» Борисова Надежда,План разработки 2026,разработка,,,,,,,,запрос на разработку,,март,,,,,,,,,,,,,
Чистильщик резервуаров ГСМ,Каталог курсов (СДО),,,,,,,,,,,,,10656,NULL Чистильщи 640,NULL,144,Профессиональное,обучение ФРДО,NULL NULL,NULL,NULL,https://portal.smarta.life/~2oERK,,
"Эксплуатация (включая техническое обслуживание, техническое диагностирование, текущий ремонт) сетей газорNULL",Каталог курсов (СДО),,,,,,,,,,,,,9894,NULL 290,NULL,40,Подготовка,к тестированию в РТН ФРДО,NULL NULL,NULL,NULL,https://portal.smarta.life/~r73Ln,,
Эксплуатация автогазозаправочных станций газомоторного топлива (область аттестации Б.7.6),Оба файла,разработка,,ПБ,,повышение квалификации,"АО ""КРИОГАЗ""",Артемьева О.А.,,разработан,Винник Е.,29.05.2026; 28.05.2026,11795,11795,Целью обуNULL 290,NULL,40,Подготовка,к тестированию в РТН ФРДО,NULL NULL,NULL,NULL,https://portal.smarta.life/~jgLHZ,,
"Эксплуатация и капитальный ремонт опасных производственных объектов, на которых используются пассажирс",Каталог курсов (СДО),,,,,,,,,,,,,10941,NULL Эксплуата 290,NULL,40,Подготовка,к тестированию в РТН ФРДО,NULL NULL,NULL,NULL,https://portal.smarta.life/~9TsH4,,
Эксплуатация объектов нефтяной и газовой промышленности (область аттестации Б.2.1),Каталог курсов (СДО),,,,,,,,,,,,,10913,NULL NULL 520,NULL,40,Подготовка,к тестированию в РТН ФРДО,NULL NULL,NULL,NULL,https://portal.smarta.life/~JCOoj,,
"Эксплуатация объектов хранения и переработки растительного сырья, в том числе изготовление, монтаж, налад",Каталог курсов (СДО),,,,,,,,,,,,,10889,NULL NULL 290,NULL,40,Подготовка,к тестированию в РТН ФРДО,NULL NULL,NULL,NULL,https://portal.smarta.life/~2qWfD,,
Эксплуатация опасных производственных объектов сжиженного природного газа (область аттестации Б.1.3),Оба файла,разработка,,ПБ,,повышение квалификации,"АО ""КРИОГАЗ""",Артемьева О.А.,,в разработке,Винник Е.,05.06.2026,,11802,Целью обуNULL 290,NULL,40,Подготовка,к тестированию в РТН ФРДО,NULL NULL,NULL,NULL,https://portal.smarta.life/doc/R7njItNIgs2SMejU2tOMэ,,
"Эксплуатация опасных производственных объектов, на которых используются водолазные барокамеры (область",Каталог курсов (СДО),,,,,,,,,,,,,11138,Категория NULL 520,NULL,40,Подготовка,к тестированию в РТН ФРДО,NULL NULL,NULL,NULL,https://portal.smarta.life/~4y8Av,,
"Эксплуатация опасных производственных объектов, на которых используются медицинские барокамеры (областКурс",Каталог курсов (СДО),,,,,,,,,,,,,11137,пред NULL 520,NULL,40,Подготовка,к тестированию в РТН ФРДО,NULL NULL,NULL,NULL,https://portal.smarta.life/~5IMIz,,
"Эксплуатация опасных производственных объектов, на которых используются подъемные сооружения (область",Каталог курсов (СДО),,,,,,,,,,,,,9751,NULL Эксплуата 520,NULL,20,Подготовка,к тестированию в РТН ФРДО,NULL NULL,NULL,NULL,https://portal.smarta.life/~jO58y,,
"Эксплуатация опасных производственных объектов, на которых используются сосуды, работающие под избыточ",Каталог курсов (СДО),,,,,,,,,,,,,9738,NULL NULL 520,NULL,40,Подготовка,к тестированию в РТН ФРДО,NULL NULL,NULL,NULL,https://portal.smarta.life/~xcr2l,,
"Эксплуатация опасных производственных объектов, на которых используются трубопроводы пара и горячей вод",Каталог курсов (СДО),,,,,,,,,,,,,10901,NULL Эксплуата 520,NULL,16,Подготовка,к тестированию в РТН ФРДО,NULL NULL,NULL,NULL,https://portal.smarta.life/~A39aW,,
Эксплуатация тепловых электрических станций (область аттестации Г.2.1),Каталог курсов (СДО),,,,,,,,,,,,,10917,NULL NULL 290,NULL,72,Подготовка,к тестированию в РТН ФРДО,NULL NULL,NULL,NULL,https://portal.smarta.life/~tFgBB,,
Эксплуатация химически опасных производственных объектов (область аттестации Б.1.1),Каталог курсов (СДО),,,,,,,,,,,,,11267,Целью обуNULL 290,NULL,16,Подготовка,к тестированию в РТН ФРДО,NULL NULL,NULL,NULL,https://portal.smarta.life/~6f9kG,,
Эксплуатация электроустановок (область аттестации Г.1.1),Каталог курсов (СДО),,,,,,,,,,,,,10940,NULL NULL 290,NULL,72,Подготовка,к тестированию в РТН ФРДО,NULL NULL,NULL,NULL,https://portal.smarta.life/~QipSD,,
